지점,일시,평균기온(°C),최저기온(°C),최저기온 시각(hhmi),최고기온(°C),최고기온 시각(hhmi),강수 계속시간(hr),10분 최다 강수량(mm),10분 최다강수량 시각(hhmi),1시간 최다강수량(mm),1시간 최다 강수량 시각(hhmi),일강수량(mm),최대 순간 풍속(m/s),최대 순간 풍속 풍향(16방위),최대 순간풍속 시각(hhmi),최대 풍속(m/s),최대 풍속 풍향(16방위),최대 풍속 시각(hhmi),평균 풍속(m/s),풍정합(100m),평균 이슬점온도(°C),최소 상대습도(%),최소 상대습도 시각(hhmi),평균 상대습도(%),평균 증기압(hPa),평균 현지기압(hPa),최고 해면기압(hPa),최고 해면기압 시각(hhmi),최저 해면기압(hPa),최저 해면기압 시각(hhmi),평균 해면기압(hPa),가조시간(hr),합계 일조 시간(hr),1시간 최다일사 시각(hhmi),1시간 최다일사량(MJ/m2),합계 일사(MJ/m2),일 최심신적설(cm),일 최심신적설 시각(hhmi),일 최심적설(cm),일 최심적설 시각(hhmi),합계 3시간 신적설(cm),평균 전운량(1/10),평균 중하층운량(1/10),평균 지면온도(°C),최저 초상온도(°C),평균 5cm 지중온도(°C),평균 10cm 지중온도(°C),평균 20cm 지중온도(°C),평균 30cm 지중온도(°C),0.5m 지중온도(°C),1.0m 지중온도(°C),1.5m 지중온도(°C),3.0m 지중온도(°C),5.0m 지중온도(°C),합계 대형증발량(mm),합계 소형증발량(mm),9-9강수(mm),안개 계속시간(hr)
101,2016-01-01,-1.7,-5.8,357,2.3,1613,,,,,,,4.1,200,1721,1.9,180,1716,.7,575,-3,60,1714,90.8,4.9,1021.7,1035.3,933,1027.6,2359,1031.7,9.6,2.5,1300,1.19,4.67,,,,,,7,7,-.4,-11.3,-.2,-.2,.5,1.4,3,7.3,9.4,15.1,16.8,,.9,,.58
101,2016-01-02,2.7,0,500,7,1659,,,,,,,3.5,180,1528,1.7,200,1532,.5,447,.3,64,1504,85,6.3,1013.6,1027.7,26,1020.8,2304,1023.4,9.6,.3,1100,.76,3.55,,,,,,8,8,.7,-4.2,-.1,-.1,.5,1.4,3,7.2,9.4,15.1,16.8,,.3,,
101,2016-01-03,2,-.2,407,7.2,1553,,,,,,,2.1,270,1313,1.2,340,114,.5,405,1.2,68,1601,95.3,6.7,1010.3,1021.6,906,1018.2,1626,1020,9.6,1.8,1200,1.03,4.38,,,,,,7.3,7.3,1.3,-5.3,-.1,-.1,.5,1.4,2.9,7,9.3,15,16.8,,.2,,5.33
101,2016-01-04,1.4,-2.4,819,6.7,1411,,,,,,,8,200,1356,4.2,200,1158,1.7,1455,-7.2,23,1715,61,3.8,1013.1,1026.1,2310,1019.7,18,1022.9,9.6,7.5,1200,1.55,8.6,,,,,,3.6,2,1.4,-7.1,-.1,-.1,.6,1.4,2.8,6.9,9.1,14.8,16.7,,.2,,7.33
101,2016-01-05,-3.1,-7.1,2400,2.9,1522,,,,,,,6.1,200,1649,3.5,230,1632,1,899,-12.2,19,1514,55.1,2.5,1017.5,1029,1052,1025.4,1446,1027.5,9.6,7.2,1300,1.52,8.04,,,,,,2.6,0,-.3,-14.4,-.1,-.1,.6,1.4,2.7,6.8,9,14.7,16.6,,1.3,,
101,2016-01-06,-4.4,-10.3,742,2.6,1444,,,,,,,7.8,250,1504,4.3,200,1440,.9,807,-9,44,1315,73.4,3.2,1015.7,1028.7,1,1022.8,1630,1025.8,9.7,6.3,1200,1.5,7.75,,,,,,1.8,1.5,-1.6,-15.8,-.3,-.3,.5,1.4,2.7,6.6,8.9,14.6,16.6,,1.1,,
101,2016-01-07,-4.2,-9.9,754,2.4,1510,,,,,,,7.4,180,1523,3.8,230,1631,1.2,1029,-11.5,25,1524,63.4,2.6,1014.3,1026.5,851,1021.8,1511,1024.3,9.7,8,1200,1.62,9.12,,,,,,.4,0,-1.9,-16.5,-.5,-.4,.4,1.3,2.6,6.5,8.8,14.5,16.6,,1.3,,
101,2016-01-08,-5.6,-11.4,820,1.4,1437,,,,,,,7.6,230,1513,3.7,230,1518,.9,784,-12.7,25,1429,62.1,2.4,1013.6,1025.2,849,1021.5,1423,1023.7,9.7,8,1200,1.63,9.22,,,,,,0,0,-2.7,-17.8,-.9,-.7,.2,1.1,2.5,6.4,8.7,14.5,16.5,,1.1,,
101,2016-01-09,-3.7,-11,753,2.1,1547,,,,,,,8.1,230,1530,4.9,230,1402,1.6,1416,-10.8,29,1556,61.8,2.7,1015.3,1027.5,1001,1023.7,1412,1025.3,9.7,8,1200,1.64,9.25,,,,,,1.4,1.4,-2.9,-17.6,-1.1,-.9,.1,1,2.4,6.3,8.6,14.4,16.5,,1.5,,
101,2016-01-10,-.3,-6.4,2341,5.1,1422,,,,,,,7.6,250,1528,4.6,340,1350,1.4,1219,-10.2,19,1248,52.8,3,1016,1028,2008,1024.1,542,1025.9,9.7,7.7,1200,1.66,9.39,,,,,,2,2,.1,-13.1,-.5,-.4,.1,1,2.4,6.3,8.6,14.4,16.6,,.8,,
101,2016-01-11,-5.5,-10.5,753,2,1607,,,,,,,3.1,140,1513,1.6,90,1453,.5,472,-13.8,19,1421,57.5,2.2,1016.9,1029.1,919,1024.5,1712,1027,9.7,8.2,1200,1.68,9.47,,,,,,1.3,0,-2.6,-17.8,-1.2,-1,0,.8,2.2,6.1,8.5,14.2,16.5,,.6,,
101,2016-01-12,-6,-12.8,812,1.9,1548,,,,,,,6.8,230,1639,3.4,230,1647,1.1,964,-14.7,22,1544,55.5,2,1013.9,1026.9,233,1020.8,1633,1024,9.8,8.2,1200,1.65,9.51,,,,,,.4,0,-3.3,-19.9,-1.6,-1.4,-.2,.7,2.1,6,8.4,14.1,16.4,,1.3,,
101,2016-01-13,-5.1,-12.5,829,-.2,1354,6.67,,,,,.1,7.9,250,1405,4.7,230,1405,1.5,1279,-11.1,29,1305,65.8,2.8,1010.2,1022.8,911,1017.1,1449,1020.2,9.8,5.7,1100,1.54,7.88,.5,1945,.5,1945,.5,4.6,4.6,-3.7,-18.1,-1.6,-1.5,-.3,.6,2,5.9,8.3,14,16.4,,1.2,.1,
101,2016-01-14,-4.9,-12.8,804,-.1,1419,.92,,,,,0,5.8,270,1555,3.2,230,1507,1.1,973,-12.6,27,1341,58.1,2.4,1012.2,1024.6,934,1020.4,1,1022.3,9.8,6.4,1200,1.67,8.64,,,.5,1,,4.6,4,-2.9,-19.2,-1.4,-1.3,-.4,.5,1.8,5.8,8.2,14,16.4,,1.3,0,
101,2016-01-15,-4.1,-9.7,819,3.5,1502,,,,,,,5.8,250,1515,2.8,230,1519,.7,589,-8.6,36,1432,74.4,3.2,1012.7,1024.1,2255,1020.9,1422,1022.7,9.8,8,1200,1.63,9.02,,,,,,1.1,1.1,-1.9,-16.5,-1.3,-1.3,-.4,.4,1.9,5.7,8.2,14,16.4,,1,,
101,2016-01-16,-5.1,-9.4,801,-.9,1619,4.67,,,,,.3,1.9,140,1219,1.2,140,1223,.4,364,-6.3,68,1208,91.8,3.9,1014.9,1026.6,943,1023.9,1442,1025,9.8,1,1000,.71,3.7,,,,,,5.5,4.5,-4.1,-15.9,-1.6,-1.5,-.4,.4,1.8,5.7,8.1,13.9,16.4,,.5,.3,1.58
101,2016-01-17,-1.2,-4.5,1,2.5,1552,,,,,,,3.6,360,1427,1.6,340,733,.5,408,-2.6,70,1512,90.9,5.1,1008.7,1024.2,249,1012.9,2352,1018.6,9.9,0,1300,.82,4.55,,,,,,8.4,2.5,-.9,-6.6,-.8,-.8,-.3,.3,1.8,5.7,8.1,13.9,16.4,,.5,0,
101,2016-01-18,-5.2,-11.9,2359,-.7,831,4.58,,,,,0,12.3,250,1154,8,250,1204,3.1,2701,-13.2,27,1606,57.9,2.6,1002.9,1017.7,2359,1009.4,647,1012.9,9.9,7.2,1300,1.65,9.28,,,,,,4.3,3.4,-1.5,-13.6,-.7,-.7,-.2,.4,1.8,5.6,8.1,13.9,16.4,,1.5,,
101,2016-01-19,-12.3,-15,749,-7.7,1537,,,,,,,10.2,250,1147,5.5,230,1151,3.1,2652,-22.2,31,1401,44.3,1.1,1011.1,1028.5,2351,1017.5,5,1021.4,9.9,8.4,1200,1.76,10.25,,,,,,0,0,-6.9,-19.6,-2.5,-2.4,-.7,.2,1.6,5.4,7.8,13.7,16.3,,.7,,
101,2016-01-20,-12.2,-17.7,630,-5,1620,,,,,,,3.8,160,1451,2.1,180,1534,.7,625,-18.6,33,1558,61.4,1.4,1021.1,1034,1028,1028.5,1,1031.5,9.9,8.2,1200,1.72,9.22,,,,,,1.6,0,-7.4,-23.1,-3.2,-3.1,-1.4,-.1,1.4,5.3,7.8,13.6,16.2,,1,,
101,2016-01-21,-8.8,-13.4,11,-1.4,1557,,,,,,,3.6,270,1724,2,250,1347,.6,556,-15.8,28,1540,59.8,1.8,1019.2,1032.3,247,1026.7,1538,1029.4,10,5.6,1200,1.64,7.73,,,,,,4.1,0,-4.4,-19.6,-2.7,-2.7,-1.4,-.2,1.4,5.3,7.8,13.6,16.3,,1,,
101,2016-01-22,-8.4,-15.5,751,-2.5,1534,,,,,,,4,230,2300,2.2,250,1708,.8,684,-17.1,27,1713,55,1.6,1021.8,1034.2,914,1030.4,15,1032,10,6.3,1100,1.42,7.79,,,,,,4.4,.6,-5.6,-22.1,-2.9,-2.9,-1.6,-.4,1.2,5.1,7.7,13.5,16.2,,1.4,,
101,2016-01-23,-9.8,-15.2,2317,-6.2,1,,,,,,,10,250,1338,5.5,250,1343,2.6,2277,-22.8,22,1257,34.3,1,1019.1,1032.8,151,1026.6,2348,1029.4,10,8.1,1200,1.81,10.31,,,,,,2.9,1.1,-5.5,-23.6,-2.5,-2.6,-1.5,-.5,1.2,5.1,7.7,13.5,16.2,,1.5,,
101,2016-01-24,-14.7,-20.1,812,-8.9,1524,,,,,,,7,180,1705,3.8,230,1647,1.5,1282,-22.9,32,1458,51.4,1,1015.3,1029.1,2340,1023.3,1422,1025.8,10,8.5,1200,1.77,9.91,,,,,,0,0,-8.4,-25.4,-4.1,-4.1,-2.4,-1,.9,4.8,7.2,13.3,16,,1.1,,
101,2016-01-25,-11.7,-18.9,736,-3.3,1558,,,,,,,4.8,230,1602,2.7,230,1716,.9,771,-19.9,27,1516,54.6,1.3,1019.1,1031.1,903,1027.4,1547,1029.4,10.1,8.5,1200,1.85,10.75,,,,,,0,0,-6.6,-24.1,-4.2,-4.2,-2.8,-1.5,.8,4.8,7.2,13.2,16.1,,1.1,0,
101,2016-01-26,-7.3,-15.1,424,.1,1435,4.83,,,,,0,7.9,230,1523,4.3,200,1532,1.1,934,-11.7,57,1111,71.9,2.7,1017.8,1030.5,153,1025.6,1740,1028,10.1,5.2,1200,1.57,7.76,,,,,,5.5,5.5,-4.8,-20.8,-3.2,-3.3,-2.3,-1.4,.7,4.8,7.2,13.3,16.1,,.6,0,
101,2016-01-27,-3.3,-9.1,758,4.1,1536,,,,,,,7.8,200,1323,4.1,200,1330,1.3,1105,-11,22,1404,61.4,2.7,1019.9,1031.9,2334,1027.7,107,1029.9,10.1,8.6,1300,1.57,9.79,,,,,,2.3,1,-2.1,-16.1,-2.2,-2.3,-1.7,-1,.7,4.7,7.2,13.2,16.1,,.8,,
101,2016-01-28,-3.7,-11.1,644,2.6,1614,,,,,,,3.4,20,1112,2,340,1118,.6,529,-10,38,1602,64.4,2.9,1020,1033.5,825,1027.9,1759,1030.1,10.2,1.8,1100,1.59,6.16,,,,,,6.3,4.1,-2.8,-17.7,-2.1,-2.1,-1.5,-.9,.7,4.6,7.1,13.2,16.1,,1.2,,
101,2016-01-29,.5,-3.8,345,5.6,1346,,,,,,,7.4,70,1504,4.4,340,1222,2,1764,-7,40,1012,57.5,3.7,1017,1028.8,825,1024.8,1542,1026.9,10.2,.7,1000,.82,5.02,,,,,,7.6,3.8,-1.1,-9.2,-1.1,-1.2,-1,-.5,.8,4.7,7.1,13.2,16.2,,1.3,,
101,2016-01-30,1,-3.9,823,6.6,1437,,,,,,,6.1,230,1646,3.2,230,1529,1.2,1028,-5.4,41,1509,64.5,4.1,1016.4,1027.7,852,1024,1350,1026.2,10.2,6.5,1200,1.61,8.6,,,,,,5.4,2.3,.1,-9.8,-.8,-.8,-.7,-.3,.7,4.5,7,13.1,16.1,,1.6,,
101,2016-01-31,-1.8,-5.5,826,2.5,1525,,,,,,,6.4,250,1229,3.7,230,1322,1.6,1412,-14.7,14,1547,43.5,2.2,1018.6,1030.4,2311,1026.5,1511,1028.5,10.3,8.3,1200,1.8,10.69,,,,,,3.8,0,.4,-9.9,-.8,-.8,-.6,-.2,.7,4.5,7,13.1,16.1,,2,,
101,2016-02-01,-6.1,-12,731,.8,1501,,,,,,,6.3,250,1348,3.3,230,1637,1.1,925,-16.9,20,1451,46.3,1.7,1019,1031.1,755,1026.9,1503,1029.1,10.3,9,1200,1.95,11.73,,,,,,.5,0,-1.9,-19,-1.6,-1.5,-.8,-.3,.6,4.3,6.9,12.9,16,,1.6,,
101,2016-02-02,-7.3,-14.7,810,1.8,1613,,,,,,,4.6,160,1541,2,160,1545,.8,673,-16.9,22,1509,50.9,1.7,1018.7,1031.2,915,1026,1539,1028.9,10.3,9,1200,1.97,11.86,,,,,,0,0,-3,-21.4,-2.4,-2.3,-1.3,-.6,.6,4.3,6.8,12.8,15.9,,1.4,,
101,2016-02-03,-6.1,-14.4,747,3.7,1532,,,,,,,7.1,230,1611,3.5,230,1611,.8,721,-13.9,29,1513,57.6,2.1,1018.3,1031.1,752,1025.7,1509,1028.4,10.4,9.1,1200,1.87,11.4,,,,,,.1,.1,-3,-22.3,-2.6,-2.6,-1.6,-.8,.6,4.2,6.7,12.7,15.9,,.7,,
101,2016-02-04,-2.5,-10.1,538,5.6,1457,,,,,,,8,230,1347,5,250,1750,1.5,1309,-12.6,20,1634,52.4,2.4,1015.5,1028.6,11,1021.7,1559,1025.5,10.4,8.2,1200,1.84,10.87,,,,,,2.5,1.9,-.7,-16.6,-1.8,-1.8,-1.3,-.7,.6,4.3,6.8,12.8,16,,1.1,,
101,2016-02-05,-4.7,-11.6,717,3.8,1600,,,,,,,7.2,230,1542,3.9,250,1551,1.1,980,-15.7,17,1533,46.1,1.8,1013.8,1026.4,807,1021,1611,1023.8,10.4,7.9,1300,1.9,10.36,,,,,,1.6,.4,-1.6,-19,-1.8,-1.8,-1.2,-.6,.6,4.2,6.7,12.7,15.9,,1.7,,
101,2016-02-06,-4.6,-11.9,728,4.1,1633,,,,,,,5.9,250,1750,3.7,250,1748,.8,723,-13.6,29,1320,52.6,2.2,1013.3,1025.6,2331,1021.5,1417,1023.3,10.5,9.1,1200,1.98,12.33,,,,,,1,1,-1.5,-19.3,-1.9,-1.9,-1.2,-.6,.6,4.1,6.7,12.7,15.9,,1.8,,
101,2016-02-07,-5.2,-12.9,754,3.6,1550,,,,,,,6.9,230,1455,3.3,230,1527,1.1,922,-15,19,1547,52.4,1.9,1013.2,1026.3,826,1020.4,1613,1023.2,10.5,9.2,1200,1.94,12.2,,,,,,0,0,-2.1,-20.7,-2,-2,-1.3,-.6,.5,4.1,6.6,12.6,15.9,,.7,,
101,2016-02-08,-2.3,-9.2,203,3.7,2333,5.92,,,,,.2,8.9,270,2317,4.6,250,2352,1.2,1000,-7.4,43,1841,68.1,3.8,1006.2,1022,30,1010.9,2204,1016,10.5,1,900,.74,3.57,,,,,,8.6,7,-1.9,-16.6,-1.7,-1.7,-1.2,-.6,.6,4.1,6.7,12.6,15.9,,.9,.2,
101,2016-02-09,.8,-5.4,758,6.1,1530,.17,,,,,0,9.9,270,7,5.4,270,16,2.2,1877,-10.3,24,1322,45.9,2.8,1011.4,1025.5,2356,1012,1,1021.2,10.6,9.3,1200,1.93,12.21,,,,,,.4,.4,1,-13.8,-.9,-.9,-.7,-.3,.6,4.1,6.6,12.6,15.9,,2.2,,
101,2016-02-10,-1.1,-9.4,742,9.7,1622,,,,,,,3.6,290,1204,1.7,320,2248,.6,531,-10.2,18,1556,55.6,2.8,1017.3,1029.1,828,1025.1,1555,1027.2,10.6,9.3,1200,2.05,12.67,,,,,,0,0,1.1,-16.2,-1.1,-1.1,-.7,-.3,.5,4,6.6,12.5,15.8,,1.8,,
101,2016-02-11,1.6,-7.4,728,10.1,1546,,,,,,,2.8,340,937,1.4,340,940,.5,472,-8.2,24,1711,51.8,3.3,1016.8,1030.1,826,1023.7,2324,1026.7,10.6,6.2,1200,1.89,9.28,,,,,,5.3,3.5,.1,-14,-.9,-.9,-.6,-.2,.6,4,6.6,12.5,15.8,,.7,15.1,
101,2016-02-12,3.6,2.3,647,4.8,1654,23.83,,,,,24,3.1,270,117,1.7,270,119,.4,345,3.3,54,1,98.4,7.8,1009.9,1024.3,20,1016.9,1646,1019.5,10.7,0,1300,.16,.95,,,,,,10,7.9,1.2,,-.2,-.2,-.3,-.1,.7,4,6.6,12.5,15.9,,.1,9.4,14.17
101,2016-02-13,6.8,3.8,703,9.7,1455,18.42,,,,,17.4,8.8,320,2359,4.8,320,2331,.7,602,6.6,95,1237,99.4,9.8,998.6,1017.2,2,999.4,2335,1008,10.7,.1,1100,.8,3.65,,,,,,10,7.5,3.8,2.5,0,-.1,-.2,.1,.7,4,6.6,12.5,15.9,,.3,22.7,11.75
101,2016-02-14,0,-4.1,2354,7.1,1,14.58,,,,,5.8,10.2,250,1231,5.8,230,1238,3.2,2762,-3.3,57,2333,79.4,5.1,1002.3,1019.3,2356,1000.2,1,1012,10.8,.2,1200,.62,2.62,0,1610,0,1610,,9,7.4,.7,-4.6,-.1,-.1,-.2,0,.6,3.9,6.5,12.4,15.8,,1,0,
101,2016-02-15,-4.9,-8.5,756,-1.6,1631,2.17,,,,,0,8.1,250,1453,4.6,250,1416,2.7,2300,-14.3,30,1559,48.9,2.1,1010.5,1022.8,848,1018.2,1610,1020.5,10.8,9.5,1200,2.24,14.15,,,,,,2.8,2.8,0,-9.4,-.1,-.1,-.1,0,.5,3.6,6.4,12.3,15.7,,2,0,
101,2016-02-16,-3.1,-7.2,757,.8,1610,10.75,,,,,2.9,7.5,250,2026,4.2,250,2034,1.7,1489,-7.5,51,2230,72.3,3.6,1008.5,1021.4,2359,1014.6,1502,1018.4,10.8,2.7,900,1.09,5.87,3,1840,3,1840,3,3.9,3.9,-.7,-12.4,-.1,-.1,-.1,.1,.5,3.5,6.4,12.3,15.7,,1,2.9,
101,2016-02-17,-2.6,-11.2,734,5,1613,,,,,,,8.8,200,1622,4.4,230,1556,1.4,1233,-8.7,31,1451,68.1,3.2,1014.5,1026.4,933,1021.4,1,1024.5,10.9,9.7,1200,2.2,13.99,,,3,1,,.4,.4,1.3,-17.5,-.1,-.2,-.1,.1,.5,3.5,6.3,12.2,15.7,,1.8,,
101,2016-02-18,2.5,-4.2,710,7.3,1635,3.67,,,,,.7,9.1,230,2133,5.7,200,2138,1.8,1580,-2.7,51,1310,70.1,5,1011.9,1025.9,28,1019.1,1651,1021.6,10.9,6.4,1200,1.57,9.04,,,,,,5.8,3.1,1.5,-7.5,0,0,-.1,.1,.6,3.5,6.3,12.2,15.7,,1.3,.7,
101,2016-02-19,2.3,-.9,738,5.2,5,,,,,,,6.6,230,13,3.2,180,426,1.2,1060,-3.9,36,1501,66.8,4.7,1017.2,1029.5,2207,1020.8,7,1027,10.9,.2,1100,1.05,5.43,,,,,,7.3,4.5,.6,-5.6,-.1,-.1,-.1,.1,.6,3.5,6.2,12.2,15.7,,.7,,
101,2016-02-20,1,-3.5,707,7.2,1327,,,,,,,8.6,250,2136,4.5,340,1535,1.5,1335,-8.8,26,1603,53.9,3.3,1013.7,1028.9,1,1018.7,1537,1023.5,11,6.6,1200,2.03,11.04,,,,,,3.5,1.1,.7,-8.5,-.1,-.1,-.1,.1,.6,3.4,6.1,12.1,15.6,,1.5,,
101,2016-02-21,-.4,-5.4,803,4.3,1559,,,,,,,8.8,270,1333,4.5,270,1338,2.1,1804,-12.2,24,1146,42.3,2.4,1019.9,1033.8,2357,1024.7,1,1029.8,11,9.8,1200,2.25,14.3,,,,,,2.4,.6,1,-9.7,-.1,-.1,-.1,.1,.6,3.4,6.1,12.1,15.6,,2.3,,
101,2016-02-22,.1,-3.5,618,4.2,1638,1.33,,,,,0,4.6,270,1538,2.8,250,1545,.7,625,-9.9,25,1540,49.6,2.9,1020.8,1034.1,228,1028.1,1708,1030.8,11,.1,1400,1.01,6.3,,,,,,9.3,2.6,.1,-6.1,-.1,-.1,-.1,.1,.6,3.4,6.1,12,15.6,,1,0,
101,2016-02-23,1.3,-2.7,2359,6,1317,3.67,,,,,0,12.3,250,1225,6.5,250,1212,2.3,2020,-8.3,22,1415,54.9,3.5,1019.1,1031.8,2141,1026.3,1418,1028.9,11.1,9.3,1200,2.33,14.73,,,,,,3.6,2.4,2.8,-9.7,0,-.1,-.1,.1,.6,3.4,6.1,12,15.6,,2.5,,
101,2016-02-24,-2,-7.6,740,3.6,1511,,,,,,,7.6,230,1727,4,230,1603,1.5,1298,-12.9,22,1411,46,2.3,1022.8,1034.4,850,1030.1,1554,1032.8,11.1,9.7,1200,2.32,15.16,,,,,,.5,.5,1.4,-12.5,-.1,-.1,-.1,.1,.6,3.4,6,11.9,15.5,,2.3,,
101,2016-02-25,-1.8,-8.9,714,4,1604,3,,,,,0,9.1,230,1650,5.1,230,1612,1.5,1331,-7.9,39,32,64.4,3.5,1022.7,1036.2,906,1029.2,1636,1032.7,11.2,6.4,1200,2.03,10.49,,,,,,3.5,3.5,-.3,-14.3,-.2,-.2,-.1,.1,.6,3.3,6,11.9,15.5,,1.8,0,
101,2016-02-26,.8,-5.7,750,6.9,1549,,,,,,,8.1,230,1252,4.4,230,1252,1.6,1420,-10.2,17,1522,49.6,2.9,1018.4,1031.5,848,1025.1,1706,1028.3,11.2,10,1200,2.35,15.34,,,,,,2.9,2.5,1.8,-12,0,-.1,0,.1,.7,3.3,5.9,11.8,15.5,,2.4,,
101,2016-02-27,2.5,-1.1,750,8.4,1418,,,,,,,7.6,230,1522,4.1,230,1427,1.3,1147,-5.3,32,1518,58.8,4.2,1014.8,1026.6,2309,1022.8,1400,1024.6,11.2,7.2,1200,2.23,11.6,,,,,,6,2.5,2.7,-7.5,0,-.1,-.1,.1,.7,3.3,5.9,11.8,15.5,,1.3,,
101,2016-02-28,-.9,-6,2343,5,1333,5.33,,,,,3.8,9.2,320,1423,5.8,340,1423,.9,790,-3,49,1304,87.1,4.9,1012.5,1026.1,1,1018.9,1345,1022.4,11.3,2.3,1000,1.2,4.96,4.2,1855,4.2,1855,4.2,6.4,3,-.2,-13.1,-.1,-.1,-.1,.1,.7,3.3,5.9,11.7,15.5,,.6,3.8,1.25
101,2016-02-29,-3.8,-8.4,2400,-.8,1528,.42,,,,,0,9.1,250,506,5.3,250,507,2.1,1802,-10.8,35,2007,59.8,2.7,1014.7,1028.6,2232,1021.7,350,1024.7,11.3,4.4,1400,1.24,8.51,,,4.2,1,,3.3,3.3,-.3,-15.5,-.1,-.2,-.1,.1,.7,3.3,5.8,11.7,15.4,,1.2,0,.17
101,2016-03-01,-3.9,-11.9,628,2.1,1650,,,,,,,8.8,230,1527,4.9,250,1736,1.8,1562,-12.1,25,1253,57.4,2.5,1018,1030.5,857,1025.5,1459,1028,11.4,8.2,1200,2.48,14.88,,,2.8,1,,1.9,1.9,0,-18.8,-.2,-.2,-.1,.1,.7,3.2,5.8,11.6,15.4,,2,,
101,2016-03-02,-.3,-4.5,402,3.5,1709,,,,,,,5.2,140,2308,2.4,160,2313,.8,670,-2.8,61,2,83,5,1015.6,1028.1,33,1022.3,1714,1025.5,11.4,1,1500,.68,4.88,,,,,,6.6,6.1,.4,-8.4,-.1,-.1,-.1,.1,.7,3.3,5.8,11.6,15.4,,.6,,
101,2016-03-03,4.6,.1,132,11.7,1615,,,,,,,5.7,230,1446,2.2,360,2148,.8,676,.6,44,1716,77.9,6.4,1015.2,1027,1036,1022.6,1655,1024.9,11.5,4.7,1400,1.94,9.53,,,,,,5.5,5.3,4.6,-4.2,0,-.1,0,.1,.8,3.3,5.8,11.6,15.4,,1.3,,
101,2016-03-04,8.8,1.3,56,18.9,1611,,,,,,,7.8,20,2315,5.2,20,2324,.9,781,2.4,38,1558,67.9,7.4,1015.8,1027.3,902,1022.6,1531,1025.3,11.5,9.6,1200,2.26,14.85,,,,,,4.3,4,7.7,-3.7,.2,.1,0,.2,.8,3.3,5.8,11.6,15.4,,1.9,3.2,
101,2016-03-05,7.1,5.2,705,9.3,4,15.17,,,,,47.2,7.4,360,25,5.3,360,31,1.6,1388,6.4,62,4,95.9,9.7,1010.2,1027,158,1015,1704,1019.7,11.5,.1,1000,.51,2.18,,,,,,10,7.8,5,4,.6,.4,0,.2,.9,3.4,5.8,11.6,15.4,,.4,44,.67
101,2016-03-06,8.7,2.7,2351,13.8,1502,,,,,,,6.5,270,1728,4.1,250,1736,1.6,1348,-.4,20,1427,58.4,6.3,1009.6,1021.8,2327,1015.8,343,1019.1,11.6,7.9,1300,2.35,14.63,,,,,,3.6,2.3,8.5,-3.9,2.4,1.9,.1,.2,1.1,3.4,5.8,11.5,15.4,,2.6,,2.58
101,2016-03-07,4.9,1.2,646,9.8,1648,,,,,,,3.6,360,129,2.1,340,14,.8,683,-1,37,1627,67.8,5.7,1009.3,1021.5,1,1016.4,1526,1018.9,11.6,.4,1300,.83,5.3,,,,,,7.9,4.1,3.8,-2.5,1.4,1.1,.2,.3,1.7,3.3,5.7,11.4,15.3,,.8,,
101,2016-03-08,3.1,-.6,706,7.1,1510,,,,,,,8,270,1602,4.2,230,1602,1.8,1591,-7.2,23,1216,53.8,3.8,1012.3,1023.8,2357,1019,14,1022,11.6,2.2,1300,1.92,9.64,,,,,,8,1.4,2.9,-6,1.3,1,.4,.5,2.1,3.5,5.6,11.4,15.3,,2.1,,
101,2016-03-09,2.1,-2.6,725,9.1,1540,,,,,,,7.5,250,1631,4.3,250,1625,1.5,1337,-9.6,25,1752,43.3,3,1013.2,1025.1,2355,1019.9,1447,1023,11.7,9.7,1200,2.58,17.27,,,,,,4.5,.6,5.2,-7.2,2,1.7,1.5,1.3,2.4,3.7,5.7,11.4,15.3,,2.7,,
101,2016-03-10,0,-4.5,722,4.9,1517,,,,,,,8.7,320,1356,4.6,340,1403,1.7,1446,-12.2,21,1254,41.6,2.4,1015.6,1027.4,909,1023.2,1456,1025.5,11.7,10.6,1200,2.62,17.87,,,,,,2,.4,3.4,-9.7,2.2,2,2.1,2.1,2.8,3.9,5.6,11.3,15.2,,3,,
101,2016-03-11,-.3,-6.9,724,6.4,1600,,,,,,,7,250,1800,4.1,270,1803,1.4,1252,-12.1,20,1457,45,2.5,1015.1,1027,859,1022.2,1625,1025,11.8,10.8,1200,2.58,18.14,,,,,,.3,.3,3,-12.4,2,1.8,2,2.3,3,4.1,5.7,11.3,15.3,,2.8,,
101,2016-03-12,1.1,-5.4,638,6.2,1424,1.17,,,,,0,7.1,270,1658,3.7,250,1743,1.2,1042,-4.8,47,1400,65.9,4.3,1015.5,1027,859,1023.3,1609,1025.3,11.8,5.9,1300,1.91,11.61,,,,,,5.6,5.3,2.8,-11.3,2.2,2.1,2.1,2.4,3,4.2,5.8,11.2,15.2,,1.8,0,
101,2016-03-13,2.5,-.5,2356,6,1612,3.83,,,,,0,4.5,270,1722,2.7,250,1725,.9,746,0,61,1700,84,6.1,1014.8,1026.9,925,1022.4,1639,1024.6,11.9,.4,1300,.68,4.54,,,,,,7,5.3,2.6,-7.5,2.9,2.7,2.7,2.8,3.2,4.3,5.8,11.2,15.2,,.5,0,
101,2016-03-14,3.7,-.9,32,9.9,1547,.25,,,,,0,5.4,250,1553,3,230,1555,1,893,-1.9,35,1733,71.6,5.4,1012.8,1024.1,937,1020.3,1556,1022.6,11.9,8.4,1300,2.58,15.3,,,,,,3.4,3.4,5.1,-8.2,4,3.7,3.3,3.3,3.3,4.5,5.9,11.1,15.2,,2.2,,1.83
101,2016-03-15,4.9,-4.1,618,13.4,1504,,,,,,,6.5,230,1801,3.9,230,1803,1.2,1074,-5.4,19,1443,55.6,4.2,1013.6,1026.4,840,1019.7,1654,1023.3,11.9,9,1200,2.59,17.27,,,,,,3.6,.4,5.7,-10.7,4.3,4.1,3.9,3.9,3.8,4.6,5.9,11.1,15.2,,2.5,,
101,2016-03-16,7.4,1.2,654,15.3,1543,,,,,,,8.8,230,1532,4.6,230,1501,1.5,1289,-3.4,18,1542,51.9,4.8,1012.1,1023.3,949,1019,1432,1021.7,12,9.4,1200,2.46,16.44,,,,,,2.4,.3,7.6,-4.3,5.9,5.7,5.1,4.8,4.2,4.7,6,11.1,15.2,,3.4,,
101,2016-03-17,7.2,-1.8,713,15.5,1541,,,,,,,6.1,200,1737,3.3,230,1738,1,821,-5.3,13,1536,47.8,4.2,1011.1,1024.8,721,1017.2,1716,1020.7,12,6.9,1100,2.15,13.07,,,,,,5.3,1.3,5.8,-8.6,5.7,5.5,5.4,5.2,4.8,4.9,6.1,11.1,15.2,,2.5,,
101,2016-03-18,10.6,3.4,644,20.3,1630,,,,,,,4.8,140,1450,3.1,250,1813,.8,727,2.2,33,1559,58.8,7.3,1003.2,1017.7,1,1008.3,1701,1012.6,12.1,8.9,1300,2.32,14.13,,,,,,4.5,.9,10.2,-1.3,7.5,7.3,6.4,6,5.1,5.1,6.1,11,15.1,,2.7,,
101,2016-03-19,10.8,2.5,601,19,1531,,,,,,,5.6,230,1808,3,230,1817,1.2,1000,2.6,30,1522,62.5,7.4,1004.9,1017.9,2354,1011.9,27,1014.2,12.1,9.4,1200,2.5,16.21,,,,,,.8,.8,10.9,-3.4,8.6,8.3,7.6,7,5.7,5.3,6.2,11,15.1,,3.2,,
101,2016-03-20,9,3.5,550,14.8,1603,,,,,,,6.2,360,1448,3.2,340,848,1.9,1655,1.8,41,1610,62.9,7,1011.7,1023.7,2355,1017.9,1,1021.2,12.1,4.2,1100,1.98,11.65,,,,,,4.5,4.5,9.9,0,8.7,8.6,8.1,7.7,6.4,5.5,6.3,11,15.1,,2.4,,
101,2016-03-21,9.5,1.7,711,17.3,1529,,,,,,,9.2,230,1607,4.5,230,1612,1.9,1640,.9,29,1508,59.8,6.5,1013.1,1026.1,853,1019.4,1635,1022.6,12.2,10.5,1200,2.55,17.44,,,,,,.8,.8,10.7,-3.8,9.1,8.8,8.3,7.9,6.8,5.8,6.4,10.9,15.1,,3.4,,
101,2016-03-22,8.8,.2,637,16.1,1432,,,,,,,8.6,250,1329,4.7,200,1331,1.9,1666,-2.8,22,1506,51.1,5.1,1008.9,1021.5,10,1014.8,1632,1018.4,12.2,8.2,1200,2.51,15.42,,,,,,5.4,.4,9.5,-6.5,8.7,8.6,8.3,8.2,7.2,6.1,6.5,10.9,15.1,,3.7,,
101,2016-03-23,7.3,2.8,2344,12.8,1552,1.25,,,,,0,9.3,50,1839,4.9,70,1808,1.6,1414,-.1,32,1602,61.6,6.1,1010.1,1023.9,2351,1016.9,1553,1019.6,12.3,5.3,1300,2.36,11.91,,,,,,6.3,5.9,9.2,-3.3,8.8,8.7,8.5,8.3,7.4,6.3,6.6,10.9,15.1,,2.3,0,
101,2016-03-24,5.8,-2.2,638,13.2,1601,,,,,,,6.9,70,2049,3.5,70,2049,1.3,1087,-4.5,22,1449,54.9,4.5,1015.1,1026.6,838,1022.1,1650,1024.7,12.3,10.9,1200,2.79,20.03,,,,,,2.4,2,9.5,-8.8,8.3,8.1,8,8.1,7.6,6.6,6.8,10.9,15,,3.6,,
101,2016-03-25,6.2,1.7,651,12,1547,,,,,,,5.3,250,1532,2.6,250,1345,1.1,976,-2,31,1548,57.8,5.3,1014.5,1026.3,102,1021.7,1603,1024.1,12.4,5.3,1200,2.82,13.75,,,,,,5.5,5.5,9,-4.3,8.7,8.6,8.5,8.3,7.6,6.7,6.8,10.8,15,,3.1,,
101,2016-03-26,6,-1.9,653,14.1,1559,,,,,,,4.3,230,1504,2.8,250,1808,1.1,949,-3.1,19,1428,58.8,4.9,1011.6,1024.1,741,1017.9,1642,1021.2,12.4,10.7,1300,2.86,19.34,,,,,,1.5,1.5,9.8,-7.9,8.5,8.3,8.2,8.2,7.8,6.9,7,10.8,15,,3.4,,
101,2016-03-27,7,-1.2,639,15.4,1519,,,,,,,8.2,290,1531,4.7,230,1538,1.8,1542,-3.7,21,1436,53,4.7,1010,1021.9,2359,1016.2,1518,1019.6,12.4,11.1,1200,2.45,17.74,,,,,,.4,.4,9.5,-7,8.6,8.5,8.4,8.4,7.9,7.1,7.1,10.8,15,,3.8,,
101,2016-03-28,8,-1.3,634,17.4,1546,,,,,,,7.5,200,1550,3.9,230,1719,1.3,1145,-3.4,19,1535,50.5,4.8,1011.7,1024.4,810,1017.8,1627,1021.3,12.5,10.9,1200,2.59,18.57,,,,,,1.9,0,10.1,-7.2,8.9,8.7,8.6,8.5,8.1,7.2,7.3,10.8,14.9,,3.6,,
101,2016-03-29,10.5,1.6,635,19,1536,1.98,,,,,2.4,12.3,250,1825,6.4,200,1334,2,1741,2,29,1436,58.8,7.2,1008.6,1021.4,159,1013.2,1621,1018,12.5,7.1,1300,2.28,14.64,,,,,,6.9,4.1,11.1,-4.1,9.7,9.5,9.1,8.9,8.2,7.4,7.4,10.8,14.9,,3.3,2.4,
101,2016-03-30,11,3.8,657,18.8,1529,,,,,,,9.8,250,1655,5.3,250,1652,1.8,1592,1.2,21,1518,59.8,6.9,1009.9,1021.4,754,1016.9,1532,1019.4,12.6,9.4,1200,2.56,17.79,,,,,,2.4,2,12.5,-1.5,10.9,10.7,10.1,9.6,8.6,7.5,7.5,10.8,14.9,,3.8,,.67
101,2016-03-31,11.3,1.3,644,22.1,1555,,,,,,,6.1,230,1749,3.5,230,1738,1.1,952,-2.1,16,1542,46.4,5.3,1007.5,1020.9,54,1013,1559,1016.9,12.6,10.9,1100,2.58,17.77,,,,,,4,0,12,-3.4,10.7,10.5,10.2,9.9,9.1,7.7,7.6,10.8,14.9,,3.7,,
101,2016-04-01,13.4,2.5,648,24.8,1503,,,,,,,5.1,250,1803,3.2,250,1659,1.2,1017,-.7,13,1449,45.4,5.9,1006.2,1017.9,2353,1011.6,1616,1015.4,12.6,10.5,1200,2.76,19.54,,,,,,2.1,0,14,-3.8,11.7,11.4,10.7,10.3,9.4,7.9,7.7,10.8,14.9,3.9,4.6,,
101,2016-04-02,14.7,4.7,642,22.9,1428,,,,,,,9.8,230,1630,5.6,250,1540,1.9,1651,.8,17,1326,43.5,6.5,1008.7,1019.7,715,1014.8,1454,1017.9,12.7,10.2,1200,2.63,18.91,,,,,,4.1,2,15.1,-.8,12.7,12.4,11.7,11.2,9.9,8.1,7.9,10.9,14.9,3.1,5.2,,
101,2016-04-03,10,6.7,2354,15.2,1,9,.5,1117,1.7,1206,5.2,4.9,340,1537,3,360,1553,1,839,7.6,45,1,85.9,10.5,1009.3,1021.3,1032,1016.5,2357,1018.7,12.7,0,1400,.53,2.94,,,,,,8.9,5.6,11,2.2,11.8,11.8,11.8,11.6,10.3,8.3,7.9,10.8,14.8,.1,.1,5.2,
101,2016-04-04,11.6,3,653,20,1612,,,,,,,6.7,180,1624,3.2,230,1633,1.6,1399,1.1,17,1313,58.3,6.8,1004.2,1016.6,2,1009.4,1649,1013.5,12.8,11.2,1200,2.98,21.57,,,,,,2.9,.6,14,-1.9,11.8,11.5,11,10.9,10.2,8.6,8.1,10.9,14.8,3.1,4.5,,
101,2016-04-05,11.8,1.8,641,20.2,1440,,,,,,,9.4,200,1619,5.2,230,1719,1.9,1673,-.5,19,1227,48,5.9,1006.4,1018.5,2348,1012.5,1526,1015.7,12.8,11.1,1200,2.86,20.42,,,,,,.8,0,13.2,-4.4,12.1,11.9,11.6,11.4,10.4,8.8,8.2,10.9,14.8,3.5,4.8,,
101,2016-04-06,13.3,3.9,615,22.4,1545,.58,.4,2351,.4,2325,.4,11.3,200,2317,6.8,200,2319,1.1,916,2,15,1725,54,7.3,1006.7,1021.6,749,1010.7,2253,1015.9,12.8,7.3,1200,2.55,16.2,,,,,,6.9,2.4,13.9,-1.5,12.7,12.5,12,11.6,10.6,8.9,8.3,10.9,14.7,2.7,3.6,12.2,
101,2016-04-07,15.4,11,544,21.7,1533,8.83,.8,14,2.7,240,11.8,7.4,250,1443,3.9,250,1629,1.7,1480,8.6,31,1539,69.5,11.3,999.5,1013.9,2352,1006.2,1458,1008.6,12.9,8,1200,2.85,16.74,,,,,,4.4,2.5,15.8,8,14.6,14.4,13.5,12.7,11,9.1,8.5,10.9,14.7,2.4,4,,
101,2016-04-08,13.5,6.3,641,20.8,1446,,,,,,,11.7,250,1707,6.2,230,1605,2.5,2168,3.7,20,1707,58.9,8.2,1004.9,1017,1000,1011,1545,1014.2,12.9,8.8,1200,2.75,18.23,,,,,,1.3,1.3,14,1.4,14.1,13.9,13.6,13.2,11.6,9.3,8.6,10.9,14.7,4.6,4.9,,
101,2016-04-09,12.1,5.1,532,15.8,1750,,,,,,,9,200,1244,5,180,1210,1.7,1446,8.3,47,1,78.6,11.3,1004.3,1015.3,455,1011.4,1748,1013.6,12.9,5.1,1100,2.35,10.92,,,,,,4.9,4.3,12.6,.1,12.8,12.7,12.8,12.8,11.9,9.6,8.8,11,14.7,1.6,2.1,,
101,2016-04-10,12,7.3,2348,17.8,1430,.42,0,,0,,0,8.8,90,2014,4.8,360,1626,2.6,2268,5.3,42,1509,66.5,9.2,1004.8,1019.2,2348,1009.9,1501,1014.1,13,5.1,1200,2.58,14.83,,,,,,6.8,6.8,14.8,5.1,13.8,13.7,13.2,12.9,11.8,9.9,8.9,11,14.7,2.7,4,0,
101,2016-04-11,11.4,4.1,627,18.5,1610,,,,,,,6.2,20,813,3.4,20,209,1.7,1495,-.9,18,1652,47,5.8,1010.2,1022.1,710,1016.6,1849,1019.6,13,11.9,1200,2.94,21.99,,,,,,.8,.8,14.8,-.5,13.5,13.4,13.1,12.9,11.9,10.1,9.1,11,14.7,3.6,4.3,,
101,2016-04-12,12.6,5.4,417,19.8,1534,,,,,,,6.5,200,1650,3.5,230,1653,1.3,1143,3.2,30,1932,55.9,7.7,1005.9,1021,357,1010.6,1806,1015.2,13.1,6.4,1300,2.24,15.43,,,,,,5.6,1.8,14.4,1.4,13.7,13.6,13.3,13.1,12.1,10.2,9.2,11.1,14.6,1.6,3.4,.4,
101,2016-04-13,15,10.5,19,21.8,1642,2.42,.2,709,.2,619,.4,5.9,180,1533,2.7,160,1535,1.1,921,9.2,45,1720,70.3,11.8,997.7,1011.2,1,1004,1515,1006.8,13.1,6.2,1300,2.52,14.6,,,,,,5.3,3.6,16.9,6.8,15,14.8,14,13.6,12.2,10.4,9.3,11.1,14.6,1.5,2.1,0,
101,2016-04-14,15.1,8.3,553,22.4,1525,,,,,,,9.7,250,1429,5.7,250,1417,1.7,1495,3.5,13,1820,54.8,8.4,1002.4,1017.5,2327,1007.2,1,1011.6,13.2,11.2,1300,2.78,20.25,,,,,,.6,.5,17.3,3,15.5,15.3,14.8,14.3,12.7,10.6,9.5,11.2,14.6,4,5,,
101,2016-04-15,15.3,5.8,603,23.8,1536,,,,,,,7.4,230,1722,4,230,1722,2.1,1784,1.5,17,1439,44,6.9,1009.8,1022.1,915,1015.6,1645,1019,13.2,11.3,1200,2.85,21.23,,,,,,0,0,17.3,1.9,15.6,15.4,14.9,14.5,13.1,10.8,9.7,11.2,14.6,2.2,4.7,,
101,2016-04-16,14.3,6.6,622,22.7,1311,8.08,1.8,2044,9.4,2027,33,9.9,160,1809,3.9,160,1814,1.4,1248,5.4,22,1731,61.8,9.4,999.3,1019.2,30,992.1,2359,1008.5,13.2,4.8,1200,2.43,11.9,,,,,,7.3,4,15,1.3,15.1,15.1,14.9,14.7,13.4,11,9.8,11.2,14.6,1.7,2,57.5,
101,2016-04-17,12.4,9.3,2357,14.9,1319,7.67,2,109,6.9,106,24.5,12,250,1727,7.2,250,1704,3.6,3137,4.6,34,1746,62.4,8.9,992.8,1012.3,2400,985.5,354,1002,13.3,5.1,1100,2.09,11.69,,,,,,6,4.9,13.2,6.8,13.9,13.9,14.2,14.4,13.5,11.2,9.9,11.2,14.5,3.2,3.6,,
101,2016-04-18,12,5.1,629,18.7,1437,4.42,1.1,1820,2.2,1801,3.2,12.8,200,1730,6.7,230,1809,2.6,2226,2.5,21,1451,57.5,7.6,1004.1,1016,2342,1008.8,1703,1013.5,13.3,8.6,1200,2.86,18.71,,,,,,5,3.3,13.5,.9,13.4,13.2,13.2,13.4,13.2,11.4,10.1,11.3,14.5,3.4,3.6,3.2,
101,2016-04-19,13.6,8.3,704,20.1,1558,,,,,,,7.3,180,8,3.6,180,143,1.7,1498,3.2,20,1718,54.4,7.8,1012.5,1024.3,1010,1016,1,1021.8,13.4,12,1200,3,22.8,,,,,,4.5,2.4,16.2,5.7,14.9,14.7,14.1,13.8,13.1,11.6,10.2,11.4,14.2,3.5,4.7,,
101,2016-04-20,14.8,8.5,524,21.2,1443,3.08,0,,0,,0,9.7,200,1640,5.5,160,1502,1.8,1521,5.9,29,1129,58.8,9.3,1009.5,1023.8,35,1015,2347,1018.7,13.4,5.8,1400,2.36,15.09,,,,,,8.3,2.6,16.3,6,15.4,15.1,14.8,14.5,13.4,11.7,10.4,11.4,14.5,2.3,3.5,14.2,
101,2016-04-21,13.8,10.7,700,18.3,1716,12.5,1.2,828,4.5,746,19.5,6.2,340,1151,3.3,320,1155,1.2,1013,12.5,59,17,93.3,14.6,997.8,1015.5,36,1003,1537,1007,13.4,1.4,1500,1.37,6.88,,,,,,9.4,7.9,15.5,8.2,15,14.9,14.7,14.7,13.6,11.8,10.5,11.4,14.4,.9,1.3,5.3,.17
101,2016-04-22,16.4,12.2,542,24.2,1445,,,,,,,10.9,270,1618,6.4,250,1618,2.1,1830,11.4,46,1249,74.9,13.5,999.4,1011.5,2400,1004.9,1428,1008.5,13.5,8.8,1200,2.65,18.94,,,,,,5.1,4.3,18.2,10.1,16.7,16.5,15.6,15.1,13.8,12,10.7,11.5,14.5,3.8,4.4,,7.83
101,2016-04-23,14.1,7.9,601,21.3,1505,,,,,,,8,230,1554,4.1,250,1539,1.7,1436,3,14,1434,57.3,8,1004.1,1015.2,749,1010.7,1616,1013.3,13.5,7.5,1200,2.72,18.19,,,,,,6.8,2.6,16.1,3.3,16.4,16.2,15.9,15.6,14.3,12.1,10.8,11.5,14.4,3.3,4.5,,
101,2016-04-24,14.3,5.3,601,23.1,1708,,,,,,,6.4,20,1137,3.4,290,1324,1.2,1063,1.1,15,1526,49.1,6.8,1006.3,1017.8,629,1012.7,1628,1015.6,13.5,11.5,1200,2.99,23.05,,,,,,2.1,0,17.2,.4,16.2,16,15.7,15.5,14.5,12.3,11,11.6,14.4,3.7,4.9,,
101,2016-04-25,16.5,6.4,608,27,1636,,,,,,,5.3,140,1551,2.6,180,1554,1.2,1027,5.5,21,1222,55.4,9.1,1008.3,1019.8,739,1014.6,1623,1017.6,13.6,11.8,1200,2.86,21.95,,,,,,.8,0,18.4,1.7,17,16.8,16.2,15.9,14.7,12.5,11.1,11.7,14.4,4,4.7,,
101,2016-04-26,18.2,9.2,605,28,1417,,,,,,,8.7,110,1604,4.9,70,1611,2.2,1938,5.7,23,1359,49.9,9.2,1006.8,1018.9,804,1012.3,1605,1015.9,13.6,9.7,1200,2.94,19.93,,,,,,5.9,1.8,19.3,4.1,18.1,17.9,17.2,16.6,15.1,12.7,11.2,11.7,14.4,5.4,6.3,,
101,2016-04-27,14.5,11.5,629,19.1,1503,,,,,,,8.6,50,1534,4.4,70,1733,2.6,2218,2,28,1455,44,7.1,1002.4,1015.6,1,1009,1630,1011.6,13.6,.3,1200,1.8,11.07,,,,,,9.3,3.9,15.9,8.4,17,17,17.1,16.9,15.4,12.8,11.3,11.7,14.4,4,4.1,,
101,2016-04-28,15.4,9.5,609,23.5,1437,,,,,,,8.6,90,1605,5.1,70,1611,2,1752,1.4,21,1243,41.3,6.8,999.1,1011.2,2341,1004.9,1451,1008.2,13.7,7.1,1200,2.93,18.62,,,,,,7.1,3.8,17.8,7.9,17.3,17.1,16.6,16.4,15.3,13.1,11.5,11.8,14.4,4,5.3,0,
101,2016-04-29,16.6,9.5,606,23,1430,.63,0,,0,,0,8.1,250,1654,4.3,230,1547,1.8,1544,4.6,28,101,46.8,8.5,1002.3,1013.4,752,1009.1,1644,1011.4,13.7,11.7,1200,3.03,21.73,,,,,,3.3,2.5,19.2,5.3,18.2,18,17.4,16.9,15.5,13.2,11.6,11.9,14.4,3.6,5.2,0,
101,2016-04-30,17,12.5,110,22.2,1544,.93,0,,0,,0,8.6,200,1628,4.4,230,1632,1.8,1586,6.2,39,1940,49.8,9.5,1002.4,1013.1,915,1009.2,1429,1011.5,13.8,1.5,1400,1.57,9.14,,,,,,7.3,5.9,17.2,6.9,17.3,17.3,17.3,17.1,15.8,13.4,11.7,11.9,14.4,2.9,3.6,0,
101,2016-05-01,17.8,9.5,557,26.1,1537,,,,,,,6.7,250,1545,3.6,250,1553,1.3,1098,6,22,1901,51.8,9.4,1004.8,1016.2,2356,1011.1,1640,1013.9,13.8,4.8,1300,2.69,15.89,,,,,,5,2.6,18.9,4.3,17.8,17.7,17.2,16.9,15.8,13.5,11.9,11.9,14.3,3.8,4.5,,
101,2016-05-02,20.2,12.3,130,28.5,1610,5.17,1,2310,4,2301,7.8,5.7,200,1128,2.8,200,1542,1.2,1035,11.4,28,1454,61.8,13.9,1002.9,1017.1,741,1006.3,2359,1011.9,13.8,8,1200,2.86,19.77,,,,,,6.9,5,22,6.3,19.6,19.4,18.3,17.7,16,13.7,12,12,14.4,4,4.8,26.8,
101,2016-05-03,14.2,9.5,2236,18.5,1,22.17,1.7,1,4.7,1,31.8,13.5,200,1939,6.6,250,1409,3.1,2691,12.6,72,1830,90.5,15.2,985,1006.3,1,988.7,1121,994.1,13.9,0,1500,.51,2.39,,,,,,10,7.3,16.2,8.1,18,18.1,18.5,18.4,16.6,13.8,12.1,12,14.3,.2,.4,14.6,
101,2016-05-04,15.6,9.5,1,19.6,1423,6.83,.4,21,1.2,1,1.8,15.9,270,1357,8.5,270,1400,4.8,4169,3.1,26,1329,44.5,7.6,992.6,1011.2,2354,994,129,1001.7,13.9,6.8,1300,1.59,12.64,,,,,,6.6,6,13.9,8.1,15,14.9,15.6,16.2,16.3,14,12.3,12.1,14.3,3.9,4.5,,
101,2016-05-05,16.7,7.1,554,25.2,1612,1.25,.5,2326,.6,2301,.6,4.7,340,1103,2.4,340,1401,1,850,7,21,1451,58.6,10.3,1004.1,1017.3,1008,1009.8,1953,1013.2,13.9,9.2,1200,2.8,20.75,,,,,,4.9,1.3,18.5,1.3,16.5,16.3,15.8,15.8,15.7,14.2,12.4,12.2,14.4,3,3.2,2.8,
101,2016-05-06,15.5,12.3,2359,18.1,1808,8,.9,12,1.8,1,3.1,6.1,250,1741,3,250,1733,.9,763,14.5,73,2107,94.3,16.5,997.7,1011.6,7,1003.7,1549,1006.8,13.9,0,1300,.28,2.01,,,,,,8.3,7.4,16.1,8.9,16.9,16.9,16.9,16.9,15.8,14.2,12.5,12.2,14.3,.3,.4,.9,
101,2016-05-07,16.5,9.2,556,23.9,1509,,,,,,,9,270,1227,4.3,250,1230,1.5,1256,8.4,28,1514,66.1,11.2,1004.2,1018.4,2359,1008.9,11,1013.3,14,11.5,1200,3.11,23.84,,,,,,2.4,.3,19.1,5.9,17.5,17.3,16.7,16.5,15.8,14.3,12.7,12.3,14.3,3.4,5.3,,
101,2016-05-08,18.3,9.6,534,26.6,1551,,,,,,,5.8,250,1732,3.5,250,1651,1.4,1233,8.9,27,1741,60.6,11.5,1007.1,1020,826,1012.6,1658,1016.3,14,11.3,1200,3.08,23.96,,,,,,4.6,1.6,20.7,5.2,18.9,18.6,17.9,17.4,16.2,14.3,12.8,12.4,14.4,3.3,5.3,,
101,2016-05-09,19.4,14.3,612,24.9,1509,,,,,,,5.3,340,1849,3.1,340,1856,1.1,993,8.1,22,1215,53.6,11.1,1001.8,1014.6,1,1008.1,1516,1010.8,14,3.8,1100,2.62,14.42,,,,,,8.4,6.1,20.7,12.2,19.7,19.6,19,18.5,16.7,14.4,12.9,12.4,14.3,2.7,3.3,2.7,
101,2016-05-10,14.7,12.9,2328,17.8,1,17.83,.5,1106,2.4,1352,12.8,6.6,360,422,4.4,360,422,1.3,1102,12.4,57,45,87,14.5,998.8,1009.5,618,1005.7,1537,1008,14.1,.3,1500,1.35,4.46,,,,,,9.9,6.8,16.6,11.1,18,18,18.3,18.3,17.1,14.5,13,12.4,14.3,.8,1,10.1,
101,2016-05-11,17.2,10,540,24.4,1553,,,,,,,5.5,250,1705,3.1,250,1827,1.3,1091,10.4,38,1557,68.5,12.7,1000.1,1012.1,2321,1006.5,1619,1009.1,14.1,11.8,1200,3.06,24.05,,,,,,2.8,1.9,20.2,6.3,18.8,18.6,17.9,17.6,16.9,14.8,13.1,12.5,14.3,3,4.7,,
101,2016-05-12,18.4,10.9,545,24.9,1515,,,,,,,8.6,230,1644,4.6,250,1411,1.8,1598,9.7,31,1911,61.9,12.1,1003.6,1015.1,924,1009.5,1628,1012.7,14.1,12.2,1100,2.94,23.05,,,,,,3.5,.6,20.3,6.7,19.6,19.5,19,18.6,17.2,14.9,13.2,12.6,14.3,5.3,5.5,.2,
101,2016-05-13,18.5,14,2358,25.1,1651,2.17,.1,,.2,,.2,7.7,230,222,4,230,302,1.7,1446,9.5,25,1601,61.3,12.1,1010.3,1024.1,2400,1013,44,1019.4,14.2,10.7,1100,3.23,24.22,,,,,,3.8,3,22.4,9.2,20.7,20.6,19.8,19.3,17.6,15,13.4,12.6,14.3,5.3,5.5,,
101,2016-05-14,19.5,11.4,554,28.3,1641,,,,,,,6.3,250,1834,3.3,340,600,1.6,1371,7.4,17,1654,52.4,10.5,1012.2,1026.3,614,1016.7,1757,1021.3,14.2,11.8,1200,3.14,25.37,,,,,,4.4,0,23,8.3,21.3,21.3,20.4,19.9,18.1,15.2,13.5,12.7,14.3,5,6,,
101,2016-05-15,18.2,13.8,529,25.3,1403,8.33,1.8,1822,5.3,1817,18.4,9,200,2002,4.8,230,2009,1.8,1575,12.8,37,1318,74.3,15,999.9,1018.1,1,1002.4,1805,1008.9,14.2,4,1100,2.8,14.55,,,,,,8.3,4,20.8,10.4,21.2,21.2,20.8,20.4,18.6,15.5,13.6,12.8,14.3,1.8,2.4,20.3,
101,2016-05-16,16.6,11.2,612,22.6,1542,3.5,.5,300,1.4,213,1.9,11,290,1332,6.2,270,1438,2.6,2227,5.1,19,1525,53,9.1,999.8,1012.8,2342,1004.5,1,1008.9,14.3,12,1300,3.04,24.21,,,,,,3,1.9,19.6,8.6,20,20,19.9,19.8,18.6,15.7,13.7,12.8,14.3,4.3,5.9,,
101,2016-05-17,17.8,8.5,550,27.9,1613,,,,,,,6,200,1642,3.1,230,1645,1.2,1038,9,25,1627,62.5,11.6,1006.8,1018.5,2356,1012.8,1,1016,14.3,12.8,1200,3.12,25.44,,,,,,0,0,20.9,4.2,20.1,20,19.6,19.4,18.5,15.9,13.9,12.9,14.3,4,5.3,,
101,2016-05-18,20,11.2,535,29.8,1623,,,,,,,5.4,340,2344,3.4,340,2331,1.3,1160,9.5,18,1625,58.8,12,1009.4,1020.7,826,1016.1,1734,1018.4,14.3,12.8,1200,3.11,24.9,,,,,,1.1,0,22.9,6.5,21.4,21.3,20.5,20.1,18.7,16.1,14,13,14.3,4.8,5.7,,
101,2016-05-19,21.3,11.5,532,31.6,1650,,,,,,,5,340,640,3.1,340,20,1.3,1130,8.3,11,1425,52.8,11.4,1008.9,1020.9,658,1014.4,1718,1018,14.3,12.8,1200,3.17,26.11,,,,,,0,0,24.1,8.6,22.3,22.2,21.3,20.8,19,16.2,14.2,13,14.3,5.4,6.1,,
101,2016-05-20,21.2,13.1,534,31.3,1452,,,,,,,7.1,20,1339,3.7,50,1442,1.9,1633,6.4,12,1401,47,10,1009.1,1020,2348,1015.6,1603,1018.2,14.4,12.7,1200,3.15,25.39,,,,,,.9,0,24.4,7.8,23,23,22.2,21.6,19.5,16.4,14.3,13.1,14.3,6.4,6.6,,
101,2016-05-21,20,10.3,547,29.8,1606,,,,,,,4.9,320,230,3.6,360,249,1.6,1359,6.7,15,1227,48.1,10,1009.9,1022.1,746,1015.5,1711,1019,14.4,12.1,1200,3.15,25.16,,,,,,3.4,.1,23.8,6,22.7,22.6,22.1,21.7,19.9,16.6,14.4,13.1,14.3,4.1,5.8,,
101,2016-05-22,21.6,12.7,557,31.3,1657,,,,,,,5.3,250,1320,3.2,360,120,1.4,1244,10.1,22,1558,53.8,12.5,1007.8,1019.9,742,1013.2,1714,1016.7,14.4,11.8,1200,3.12,25.08,,,,,,2.6,0,25.3,8.8,23.5,23.3,22.5,22,20.2,16.8,14.6,13.2,14.3,4,5.8,,
101,2016-05-23,22.1,14.3,529,29.6,1523,1.67,0,,0,,0,5.9,270,1459,3.3,250,1532,1.6,1372,11.4,22,1352,56.3,13.7,1003.5,1016.9,705,1008.5,2346,1012.4,14.4,8.9,1100,2.75,20.64,,,,,,7.1,3.6,25.3,11.2,24,23.8,23.1,22.6,20.6,17,14.7,13.3,14.3,3,4.3,21.9,
101,2016-05-24,18,16.1,2358,22.4,2,11.83,1.2,520,4.8,325,30.7,7.9,200,1518,4.1,180,1920,1.9,1667,15.2,53,37,84.9,17.3,997.7,1009,212,1004.9,1559,1006.7,14.5,3.7,1400,2.46,10.63,,,,,,7.6,6.3,21.4,12.5,22.1,22.2,22.4,22.4,20.9,17.3,14.8,13.3,14.3,2.6,3.4,8.8,
101,2016-05-25,19.8,14.6,133,24.8,1540,,,,,,,7.5,200,1515,3.7,230,1637,1.7,1504,13.6,45,1414,69.5,15.6,1000.8,1011.5,703,1007.6,1638,1009.8,14.5,6.8,1200,3.02,19.04,,,,,,7,7,22.3,10.5,21.6,21.5,21.3,21.3,20.6,17.5,15,13.4,14.3,3.6,4.4,,
101,2016-05-26,19.3,16.3,2357,22.7,1145,1,0,,0,,0,6.2,250,1358,3.8,250,1359,1,879,16.4,64,1109,84.8,18.6,1001.5,1012.2,2345,1008.7,1626,1010.6,14.5,.7,1000,1.18,6.51,,,,,,8.4,3.4,19.9,13.1,21.1,21.1,21.3,21.3,20.4,17.7,15.2,13.4,14.3,2.9,3.5,0,
101,2016-05-27,20.7,15.1,212,27.1,1550,,,,,,,4.8,270,1813,2.3,320,912,1.1,976,14.4,32,1406,71.5,16.5,1002.5,1014.4,649,1008.9,1828,1011.5,14.5,6.3,1100,2.96,19.34,,,,,,6.5,2.5,22.9,11.1,21.7,21.6,21,20.9,20.1,17.8,15.4,13.5,14.3,4.1,4.9,,
101,2016-05-28,21.8,15.2,537,29.4,1607,,,,,,,6.5,230,1711,3.6,230,1753,1.4,1207,13.7,29,1530,65.5,15.8,998.7,1010.6,722,1004.5,1538,1007.6,14.6,12.8,1200,3.15,25.15,,,,,,3.3,.4,25.3,10.9,23.5,23.3,22.4,21.9,20.3,17.8,15.5,13.6,14.4,2.9,5.9,,
101,2016-05-29,21.1,15.6,343,28.6,1703,,,,,,,4.4,250,1726,2.6,340,1837,1.1,946,14.7,35,1722,71,16.8,995.6,1006.9,119,1001.3,1649,1004.5,14.6,7.5,1300,2.96,19,,,,,,4.4,3.8,24.2,11.9,23.5,23.4,22.9,22.5,20.7,17.9,15.6,13.6,14.3,4,4.7,,
101,2016-05-30,22.2,14.8,521,29.5,1552,,,,,,,7.4,250,1721,4.1,250,1838,1.7,1444,12.7,27,1606,61.5,14.8,997.5,1008.1,802,1004.1,1658,1006.4,14.6,12.6,1200,3.09,24.92,,,,,,0,0,25.9,10.9,24.3,24.1,23.3,22.9,21,18.1,15.8,13.7,14.4,5.6,6.9,,
101,2016-05-31,21.3,14.7,536,28.2,1631,,,,,,,7.1,340,1616,4.7,340,1620,1.6,1385,13.8,27,1623,66.6,15.8,998.2,1009.1,657,1004.6,1444,1007.2,14.6,10,1200,2.85,21.23,,,,,,2.3,0,24.9,10.9,24.2,24.2,23.7,23.3,21.4,18.2,15.9,13.8,14.4,4.8,5.8,,
101,2016-06-01,21.8,15.7,455,28.7,1545,,,,,,,7.7,50,1734,4.1,20,1100,2.1,1834,10.3,25,1532,53.8,12.7,999.4,1010.3,2329,1005.8,1650,1008.3,14.6,13.1,1200,3.19,26.67,,,,,,1.4,.8,26.4,11.5,24.8,24.7,23.9,23.4,21.7,18.4,16,13.9,14.4,5.1,7.3,,
101,2016-06-02,21.4,12.7,519,29.4,1452,,,,,,,7.1,250,1415,3,270,1741,1.3,1151,10.6,23,1249,55.5,12.9,1001.3,1012.2,727,1007.2,1734,1010.2,14.6,12.2,1200,3.2,25.39,,,,,,.6,.6,26.5,8.2,24.9,24.8,24.1,23.7,22,18.6,16.2,13.9,14.4,4.5,6.5,,
101,2016-06-03,22.1,15,535,28.9,1540,,,,,,,7,250,1819,4.1,250,1838,1.6,1389,12.4,31,1351,58.5,14.4,1001.6,1012.3,814,1008.4,1658,1010.6,14.7,11.4,1200,3,24.33,,,,,,3.4,.8,27,10,25.3,25.1,24.5,24,22.3,18.8,16.3,14,14.4,5.8,6.9,,
101,2016-06-04,20.2,15.5,601,25,1605,,,,,,,4.5,200,1656,2.7,250,1513,1.1,983,13.4,43,1322,67.3,15.4,1000.5,1011.4,829,1007.5,1408,1009.4,14.7,2.2,1100,2.02,13.24,,,,,,7.4,2.1,23.7,11.9,24,24,24.1,23.9,22.5,19,16.4,14,14.4,3,3.5,,
101,2016-06-05,23.5,14.9,454,31.5,1604,,,,,,,5.2,340,731,3.2,340,714,1.6,1377,12.7,27,1443,57.1,14.8,1002,1012.8,2354,1008.5,1719,1010.9,14.7,12.2,1200,3.1,25.53,,,,,,2.1,0,27.4,10.4,25,24.8,23.9,23.6,22.4,19.2,16.6,14.1,14.4,5.6,6.7,,
101,2016-06-06,22.5,17.5,539,27.8,1357,1.33,0,,0,,0,5.9,250,1508,3.5,360,602,1.6,1376,14.2,38,1358,61.9,16.3,1003.9,1014.9,744,1010.7,1537,1012.8,14.7,4.2,1100,2.47,15.37,,,,,,7.9,3.6,25.7,13.9,25.3,25.1,24.7,24.3,22.6,19.3,16.7,14.2,14.4,3.6,4.5,0,
101,2016-06-07,23.3,19.5,732,28.5,1511,.67,0,,0,,0,5.5,230,1500,3,230,1503,1.4,1188,17,45,1435,69.1,19.3,1001.2,1012.5,708,1007.6,1749,1010.1,14.7,7,1200,3.12,19.41,,,,,,6.1,4.6,28,18.5,25.9,25.7,24.9,24.4,22.8,19.5,16.9,14.3,14.4,4,5.5,,
101,2016-06-08,22.9,18.6,531,27.4,1604,1.17,0,,0,,0,5.3,20,1349,2.9,250,1715,1.2,1010,17.1,50,1629,72.4,19.6,1000.4,1010.8,2336,1007.2,1715,1009.3,14.7,7,1100,2.19,15.84,,,,,,5.5,3.9,26.2,15.7,25.7,25.6,25.2,24.8,23.1,19.7,17,14.4,14.4,2.9,3.7,0,
101,2016-06-09,24,18,514,31.4,1622,,,,,,,4.5,250,1401,2.7,270,1605,1.3,1126,16.1,29,1343,66.6,18.5,1001.9,1012.6,756,1008.4,1635,1010.8,14.7,11.1,1200,3.19,24.66,,,,,,2.4,1.9,29.1,14.2,26.6,26.3,25.4,24.9,23.2,19.8,17.2,14.4,14.4,4.2,6.7,,
101,2016-06-10,24.5,17,520,32,1536,,,,,,,6.5,110,1150,3.4,250,1450,1.5,1316,16.8,37,1601,65.8,19.2,1002.5,1014.1,718,1009,1743,1011.4,14.8,11.7,1200,2.92,23.56,,,,,,1.5,.6,29.6,13.9,27.3,27,26.1,25.6,23.9,20,17.3,14.5,14.4,4.2,6.3,0,
101,2016-06-11,23.4,21.6,443,28,1313,2.92,8.4,1653,12,1630,12,7.4,290,1659,4.1,290,1659,1.1,988,20,53,1256,83.3,23.5,1001.4,1011.9,858,1008.3,1625,1010.2,14.8,1.8,1200,3.12,10.57,,,,,,8.3,7.3,27.1,19.5,26.7,26.6,26.2,26,24.3,20.1,17.4,14.6,14.4,3.1,3.6,16,
101,2016-06-12,25,21.7,208,29,1521,3,1.1,122,3.5,102,4,6.7,230,1528,3.9,250,1410,1.3,1153,21,56,1621,80.9,25,996.4,1009.1,1,1002.2,1719,1005.1,14.8,8.4,1300,2.49,19.34,,,,,,8,6.1,27.2,20.4,26.6,26.5,25.8,25.5,24.2,20.4,17.6,14.6,14.5,4.5,5.4,0,
101,2016-06-13,25.3,21.3,531,31.1,1615,,,,,,,4.7,180,1159,2.9,290,1830,1.4,1188,18,36,1256,66.8,20.7,992.8,1003.5,716,998.7,1736,1001.6,14.8,11.2,1200,3.26,24.93,,,,,,5.3,4.4,29.2,18.2,27.6,27.5,26.6,26.1,24.3,20.5,17.7,14.7,14.5,5.2,6.5,,
101,2016-06-14,23.9,17.7,517,30.8,1553,1.58,.3,2157,.5,2137,.5,6.1,250,1658,3.9,250,1659,1.8,1552,17.5,41,1516,70,20,993.9,1004.3,852,1000.4,1535,1002.7,14.8,8.1,1200,3.01,21.23,,,,,,6.5,3.9,28.1,15.7,27.5,27.4,26.9,26.5,24.8,20.7,17.9,14.8,14.5,5.7,6,10.8,
101,2016-06-15,20.9,18.2,909,23.4,1334,8.75,2.5,750,6.9,743,12.9,5,140,814,2.9,340,1125,1.1,969,19.1,67,1335,90,22.1,992.2,1004.1,13,998.8,1639,1001.1,14.8,2.2,1200,2.13,8.8,,,,,,9.6,7.5,23.9,17,25.7,25.8,26,26,24.9,20.8,18,14.8,14.5,1,2.2,2.6,
101,2016-06-16,22.2,19.8,547,25.9,1610,,,,,,,6.9,230,1621,3.7,230,1601,2,1738,16.7,55,1544,71.9,19,990.7,1003,2358,998,427,999.5,14.8,6.1,1400,2.51,17.15,,,,,,6,6,25.3,18,24.8,24.8,24.8,24.9,24.3,21,18.2,14.9,14.5,4.2,4.7,,
101,2016-06-17,23.6,18,314,29.1,1537,,,,,,,6.4,200,1047,3.2,230,1546,1.6,1379,17.2,44,1444,70.4,19.7,999,1011.2,2323,1003.1,1,1007.9,14.8,9.6,1200,2.97,21.9,,,,,,2.9,2.6,25.9,14.7,25.4,25.3,24.9,24.8,24,21.1,18.3,15,14.5,4.1,5.5,,
101,2016-06-18,24.5,18.4,531,30.9,1630,,,,,,,6.7,250,1430,3.7,250,1446,1.3,1134,17.6,35,1709,70.4,20.3,1002.4,1013.3,535,1008.9,1731,1011.2,14.8,11.8,1200,2.84,22.9,,,,,,1,.4,27.6,15.1,26.4,26.3,25.7,25.4,24.1,21.1,18.4,15.1,14.6,5.2,6,,
101,2016-06-19,24,19,521,29.3,1623,.17,0,,0,,0,6.3,200,1700,3.9,230,1706,1.5,1283,18.1,45,1613,72.5,20.8,998.9,1010.6,1,1005.2,1630,1007.7,14.8,8,1300,2.45,18.2,,,,,,4.9,4.9,27.4,16.1,26.6,26.5,26.2,25.9,24.5,21.1,18.5,15.2,14.6,4,5.1,0,
101,2016-06-20,24,18.1,525,28.9,1659,,,,,,,5,250,1203,2.7,250,1238,1.2,1027,18.4,46,1734,74,21.2,997.9,1008.9,321,1004.1,1800,1006.7,14.8,5.9,1100,2.78,18.54,,,,,,6.4,3.1,27.3,14.4,26.6,26.6,26.2,25.9,24.6,21.2,18.7,15.2,14.6,3.7,4.7,,
101,2016-06-21,25.4,19,530,31.4,1510,,,,,,,5.2,320,716,3.9,340,720,1.5,1317,18.7,35,1632,70.4,21.7,998.1,1008.1,725,1005.7,1828,1006.9,14.8,10,1100,2.7,21.16,,,,,,4.9,.8,28.8,14.9,27.5,27.2,26.5,26.2,24.7,21.3,18.7,15.3,14.6,3.6,5.2,,
101,2016-06-22,23.3,20.5,2354,29.8,1245,4.5,14.9,1604,41.8,1557,53.9,7,340,1319,4.2,340,1338,1.5,1316,20.7,53,1250,87.1,24.4,997.3,1008.3,139,1003.7,1407,1006.1,14.8,4,1100,2.23,11.59,,,,,,7.8,5.9,26.2,17.3,26.4,26.4,26.4,26.4,25.4,21.4,18.9,15.4,14.6,6.7,7.7,53.9,
101,2016-06-23,23.5,18.7,336,29.6,1539,1.33,.1,,.2,,.2,5.5,320,1755,3.1,290,1800,1.1,962,20.6,52,1540,85.6,24.4,997.4,1008.6,738,1004.1,1640,1006.2,14.8,5.6,1100,2.85,18.51,,,,,,7.4,5.1,26.3,16.3,25.8,25.7,25.3,25.3,24.9,21.5,18.9,15.4,14.6,3.3,3.8,7.1,
101,2016-06-24,22.7,20.7,731,25.5,1701,12.5,.7,703,2.1,643,9,6.5,250,2022,3.6,250,2027,1.2,996,19.4,64,1807,83.6,22.8,990.7,1004.7,1,995.9,1726,999.5,14.8,2.6,1600,1.39,8.96,,,,,,8.4,6,24.8,19.6,25.6,25.5,25.6,25.6,24.9,21.7,19.1,15.5,14.7,2.3,2.8,2.1,
101,2016-06-25,22.3,18.4,419,27,1659,,,,,,,7,270,1228,3.7,270,1232,1.9,1652,15.4,42,1654,67,17.6,993.5,1006.3,2346,1000.1,133,1002.3,14.8,8.2,900,2.43,15.41,,,,,,4.4,4,24.1,15.4,24.1,24,24.5,24.7,24.5,21.8,19.2,15.6,14.7,2.5,3.9,,
101,2016-06-26,23.7,16.4,511,30.8,1723,,,,,,,7.2,230,1820,3.4,230,1821,1.3,1098,16.1,30,1726,68,18.5,999.5,1011,2355,1006.3,1,1008.4,14.8,13,1200,3.16,25.21,,,,,,1.5,1.3,26.8,12.7,25.3,25.1,24.6,24.5,24,21.8,19.3,15.7,14.7,4.9,6.1,,
101,2016-06-27,22.8,18.7,531,27.7,1641,,,,,,,3.5,290,1450,2.2,250,1802,1,822,17.7,38,1653,76.1,20.3,1001.3,1011.9,625,1008,1706,1010.2,14.8,5,1400,1.82,13.6,,,,,,6.9,2.6,25.7,15.8,25.1,25.1,25.1,25.1,24.5,21.8,19.4,15.7,14.7,2.2,3.2,,
101,2016-06-28,24.2,17.3,536,31,1620,.58,0,,0,,0,4.6,250,1711,2.7,250,1359,1.2,1012,17.3,37,1605,70,19.9,1001.6,1011.8,2338,1008.3,1624,1010.5,14.8,12.4,1300,2.91,23.92,,,,,,3.3,2.3,27.7,14.2,26,25.7,25.2,25,24.3,21.8,19.5,14.8,14.8,4.5,5.9,0,
101,2016-06-29,25.6,20.8,547,30.7,1630,,,,,,,6.9,180,1752,4,180,1740,1.4,1201,18.6,40,1356,68.4,21.5,1001.5,1012.3,614,1008.4,1527,1010.3,14.8,9.6,1200,2.89,21.96,,,,,,7.1,4.5,29.5,18.4,27.6,27.4,26.6,26.1,24.9,21.8,19.6,,14.8,5.1,5.9,.5,
101,2016-06-30,25.9,23,721,29.7,1408,2.67,.2,610,.5,615,.7,7.4,250,1521,4.1,250,1525,1.5,1304,21.6,57,1351,78.4,25.8,1000.8,1011.4,828,1007.8,1648,1009.5,14.8,5.6,1200,2.8,15.42,,,,,,7.6,7,28.2,21.4,27.7,27.6,27.1,26.8,25.5,21.9,19.6,15.9,14.8,2.8,3.5,.2,
101,2016-07-01,24.4,21.6,2400,27.7,1255,10.83,5.6,2329,23.4,2249,107.8,8.6,290,2359,4.6,320,2356,.9,810,22.6,69,1255,90.9,27.5,996.3,1009.2,847,998.1,2323,1005.1,14.8,0,1000,1.02,4.42,,,,,,9.8,7.5,25.3,20.4,26.2,26.3,26.4,26.5,25.7,22,19.7,16,14.8,1,1.5,110.2,
101,2016-07-02,23.8,20.6,455,28,1624,8.25,.7,1,1.3,1,2.4,5.9,340,5,4.1,320,2,1.2,1070,21.1,61,1614,86.5,25.1,995.7,1007.2,2357,999.8,1,1004.5,14.7,3.2,1600,1.72,14,,,,,,8,6.5,25.8,20,25.1,25,25,25.4,25.1,22.4,19.8,16.1,14.9,2.4,3.5,,
101,2016-07-03,23.3,20.6,551,26.7,1749,,,,,,,5,270,1603,2.7,250,1610,1.1,929,20.1,60,1715,83.9,23.5,1000.8,1010.7,951,1007.1,16,1009.7,14.7,3.1,1000,1.62,12.46,,,,,,7.1,2.9,25.2,17.2,25.6,25.5,25.5,25.6,25.1,22.7,20,16.2,14.9,2.6,3.7,,
101,2016-07-04,21.6,19.3,435,25.1,908,13.33,3.7,2317,13,2253,43,6.5,70,1259,3.2,20,1236,1.7,1478,19.5,62,900,89.6,22.7,1002.2,1013.7,2322,1009.5,523,1011.2,14.7,2.5,800,1.53,6.23,,,,,,9,5.8,23.7,17.1,24.2,24.3,24.8,25.1,25,22.7,20.3,16.2,14.9,.9,1.3,122.4,
101,2016-07-05,19.1,17.8,2326,20.8,634,24,15.3,1434,39.8,655,241.6,9.1,340,928,5.3,320,936,2.4,2079,19,96,638,99.4,21.9,1002.4,1013.9,3,1008.9,601,1011.4,14.7,0,1200,.25,1.38,,,,,,10,7.5,19.8,17.1,20.3,20.6,21.5,22.3,24,22.8,20.3,16.3,14.9,.5,.7,164,
101,2016-07-06,21.8,17.5,33,26.9,1729,2.58,.6,7,1.5,1,1.8,5.1,340,3,2.9,340,19,1.2,1013,19.2,63,1558,86.9,22.4,1005.4,1015.7,1043,1013,1715,1014.4,14.7,4.5,1400,2.72,15.67,,,,,,8.6,6.4,24.1,17,22,21.8,21.2,21.2,,23.4,21.3,16.6,14.9,2.6,3.6,,
101,2016-07-07,23.6,20.2,535,28,1658,,,,,,,5.9,140,1316,3.2,160,1324,1.1,911,20.4,58,1640,84.3,24,1005.7,1016,803,1013.1,1757,1014.6,14.7,5.3,1400,2.18,15.29,,,,,,7.9,4.5,25.6,18.2,24.4,24.3,23.5,23.2,22.5,23,21.7,17.4,15,2.7,3.8,,
101,2016-07-08,25.5,20.1,342,32.5,1654,,,,,,,4.9,340,1216,2.5,340,1759,1.1,942,21.2,48,1639,80.3,25.3,1001.3,1014.2,1,1006.7,1753,1010.1,14.7,9.7,1200,3.02,22.39,,,,,,3.6,3.6,27.6,17.7,26.3,26,24.9,24.4,23.2,22.7,21.8,17.8,15,4.3,6.2,,1.08
101,2016-07-09,26.8,20.7,457,33.5,1615,,,,,,,4.8,250,1744,2.7,230,1735,1.3,1115,21,41,1607,74.9,25.1,997.3,1008.4,808,1003.3,1717,1006.1,14.7,10,1200,3.09,24.51,,,,,,4.3,2.3,29.6,18.1,28,27.7,26.6,26,24.3,22.6,21.7,18,15.1,4.9,7,,
101,2016-07-10,27.1,22.1,535,33,1511,,,,,,,4.4,340,1136,2.3,250,1350,1.2,1010,22.1,43,1430,77.6,26.7,995.9,1006.1,532,1002.1,1604,1004.6,14.6,8.5,1100,2.86,21.17,,,,,,6.3,.8,30.3,19.8,28.9,28.7,27.7,27.1,25.3,22.7,21.7,18.2,15.1,4,5.8,,
101,2016-07-11,28.1,22.4,524,33.8,1602,.83,0,,0,,0,5.7,250,1402,3.1,250,1404,1.3,1144,22.4,40,1736,74.4,27.1,995.2,1006.1,525,1001.8,1729,1003.9,14.6,10.2,1200,3.05,23.04,,,,,,7.6,2.8,31.3,20.8,29.9,29.6,28.5,27.9,26,22.9,21.7,18.2,15.1,4.3,6.2,5.5,
101,2016-07-12,25.5,23.6,738,27.9,1840,8.58,.6,737,2.4,609,5.5,3.8,270,1306,2.3,290,1307,.8,683,23.9,67,1555,91.4,29.7,993.4,1004,704,1000.7,1841,1002.1,14.6,.7,1200,1.89,8.3,,,,,,8.8,6.4,27.8,22.2,28.7,28.7,28.6,28.3,26.7,23.1,21.7,18.2,15.2,1.8,2.5,0,
101,2016-07-13,26.2,23,620,29.4,1243,,,,,,,5.6,250,1448,3.2,230,1540,1.3,1113,22.4,58,1225,81.8,27.2,992,1001.8,1,999.5,1549,1000.7,14.6,3.7,1000,2.31,14.8,,,,,,8.3,5.6,28.2,22.2,28,27.9,27.7,27.6,26.6,23.4,21.7,18.3,15.2,2.9,4.2,1.3,.42
101,2016-07-14,26.1,22.9,2400,30.9,1541,1.33,1.1,426,1.3,355,1.3,7.6,70,1201,3.8,90,1602,1.6,1375,20.8,46,1451,75.6,24.8,993.3,1005.9,2305,1000.2,347,1002,14.6,9.5,1200,3.2,20.33,,,,,,4.5,3,29.1,19.9,28.6,28.3,27.8,27.6,26.6,23.6,21.8,18.4,15.3,4.1,5.9,0,
101,2016-07-15,24.8,20.4,523,29.2,1335,3.75,.2,,.3,2249,.3,6.7,20,1128,3.9,20,1128,1.8,1512,18.7,50,1614,71,21.6,996.2,1006.8,737,1003.3,1915,1005,14.5,4.9,1100,2.3,16.41,,,,,,8.8,3.3,27.5,18.6,27.7,27.7,27.6,27.6,26.7,23.8,21.9,18.4,15.4,3.2,4.5,39.6,
101,2016-07-16,20.4,19.1,1009,23.1,1,22,2.7,1000,11.4,505,53.8,5.7,320,908,3.5,320,1011,1.8,1557,20,86,1,98.3,23.4,993.5,1004.8,34,1001.1,1709,1002.4,14.5,0,1200,.6,3.67,,,,,,10,7.1,23.1,18.9,24.6,24.7,25.7,26.3,26.5,23.9,21.9,18.4,15.4,.7,1,18.4,
101,2016-07-17,21.9,20.3,24,23.6,1440,11.17,.4,419,1.1,28,4.3,3.5,200,1139,2,340,22,.9,757,21,80,1401,95.4,24.9,998,1009.8,2332,1003.2,223,1006.9,14.5,0,1300,.84,4.56,,,,,,10,7.3,23.5,19.9,24.1,24.1,24.5,25,25.4,24,22,18.4,15.4,1.1,1.6,.4,
101,2016-07-18,24.3,21.1,600,28.9,1645,.25,0,,0,,0,4.4,250,1400,2.5,230,1913,1.1,943,20.5,52,1630,81.4,24.2,1001.4,1011.7,2353,1009.2,1755,1010.3,14.5,7.9,1300,3.06,19.14,,,,,,4.8,3.3,27.1,19,26.1,25.9,25.3,25.3,25,24,22.2,18.5,15.5,3.1,4.5,0,
101,2016-07-19,24.8,20.5,406,31.1,1549,,,,,,,5,320,2334,2.7,340,2332,1.3,1145,20.9,36,1631,82,24.9,1003,1013.5,827,1009.6,1558,1011.8,14.5,7.4,1200,3.06,,,,,,,6.9,4.5,27.7,18.1,27.3,27.2,26.5,26.2,25.4,23.9,22.2,18.5,15.5,4,5.7,,.5
101,2016-07-20,26.1,20.7,529,32.4,1624,,,,,,,6.2,50,911,3.5,20,854,1.7,1466,19.8,38,1640,70.5,23.2,1003.5,1014,749,1010.3,1701,1012.3,14.4,10.1,1100,2.77,22.2,,,,,,4.8,.9,28.8,18.7,28.3,28.1,27.4,27.1,25.9,23.9,22.3,18.6,15.6,4.3,6.2,,
101,2016-07-21,26.3,22.8,629,31.3,1618,,,,,,,5.1,70,1635,3.2,20,1605,1.6,1392,19.6,51,1812,68,23,1003.1,1013.8,823,1009.9,1800,1011.9,14.4,7.2,1300,2.68,18.27,,,,,,7.5,2.8,29.1,21.2,28.5,28.4,27.9,27.6,26.5,24,22.3,18.6,15.6,3.7,5.3,,
101,2016-07-22,27.8,22.4,607,34.2,1558,,,,,,,5.4,250,1717,3.3,250,1721,1.6,1380,21.9,39,1845,72.9,26.5,1001.3,1012.3,710,1007.2,1737,1010.1,14.4,12.5,1200,2.97,24.94,,,,,,3.3,2.5,31.2,20.5,29.7,29.5,28.6,28.2,26.8,24.1,22.4,18.6,15.6,4.8,6.9,,
101,2016-07-23,27.2,24.4,246,31.1,1555,3.75,14,2152,46.3,2129,60.5,5.1,320,2106,2.9,340,2107,1.1,960,24.1,61,1220,84.5,30.1,1000.5,1010.6,803,1007.7,1717,1009.3,14.4,1.8,1100,2.06,11.65,,,,,,9.1,4.9,29.7,22.2,29.7,29.6,29.3,28.9,27.5,24.2,22.4,18.7,15.7,2.1,3,70.9,
101,2016-07-24,26.6,25.3,925,28.9,1504,7.33,18.9,2343,42.6,2301,53.8,5.7,290,2345,3.5,290,2346,.8,671,25.9,79,1512,96.6,33.4,1001.7,1012.2,2348,1009.1,13,1010.5,14.3,.1,1300,1.35,5.33,,,,,,9.9,7.4,27.9,24.7,27.9,27.9,28,28.3,27.6,24.4,22.5,18.7,15.7,1.1,1.5,63.4,.17
101,2016-07-25,27.4,24.9,554,31.2,1651,4.43,5.4,1,7.9,1,20,5.6,70,946,2.4,250,1615,.8,714,25.3,66,1630,90.1,32.4,1001.7,1012.1,837,1008.8,1927,1010.5,14.3,2.7,1400,1.61,10.81,,,,,,7.4,5.4,28.4,24.1,27.8,27.9,27.7,27.7,27.4,25,22.6,18.8,15.7,2.2,3.1,,.33
101,2016-07-26,27.5,24.4,657,31.3,1608,,,,,,,6.5,270,1705,2.9,230,1641,1.1,929,24.1,60,1546,83.4,30.1,998.7,1009.8,507,1005.2,1733,1007.5,14.3,3.8,1100,1.76,13.93,,,,,,7.6,5,29.3,22.9,28.8,28.7,28.4,28.3,27.6,25.4,22.9,18.8,15.8,2.6,3.7,,2.58
101,2016-07-27,26.1,24.5,433,27.2,1153,6.07,1.2,1734,1.9,1648,2.4,4.8,200,838,2.6,180,846,.7,633,24.8,78,835,93.6,31.4,996.1,1006.6,32,1003.5,1813,1004.8,14.3,0,1100,.58,3.14,,,,,,8.8,4.8,27.2,22.8,27.8,27.9,28.1,28.2,27.7,25.4,23.1,18.8,15.8,.8,1.2,5.9,
101,2016-07-28,27.8,24.9,2345,32,1432,1.5,2,506,3.5,437,3.5,8.3,270,1830,3.9,250,1451,1.4,1233,23.6,53,1625,80.1,29.2,997.1,1008.7,2335,1004.3,402,1005.8,14.2,10.3,1200,2.91,21.01,,,,,,5,4.1,29.8,22.8,29,28.8,28.2,28.1,27.4,25.5,23.2,18.9,15.8,4,5.7,7.1,.5
101,2016-07-29,25,22.9,918,26.9,1745,4.17,1.3,843,6.1,831,10.3,2.6,50,452,1.6,340,659,.7,628,23.9,84,1600,94.1,29.6,1000.8,1010.6,849,1008.2,139,1009.6,14.2,.2,1100,1.09,5.49,,,,,,9.6,5.1,26.9,22.3,27.7,27.8,28,28.3,27.7,25.4,23.3,19,15.8,1.1,1.6,5.8,
101,2016-07-30,28.3,25,550,32.8,1634,5.25,1.4,651,2,608,3.9,4.6,250,1432,2.6,250,1451,1,899,25.8,60,1553,88.3,33.3,1002.3,1012.5,1106,1009,1809,1011,14.2,6.6,1300,2.52,15.92,,,,,,6.5,5.1,30,24.5,29,28.8,28.2,28.1,27.4,25.5,23.4,19.1,15.9,3.1,4.4,1.3,
101,2016-07-31,27.4,24.7,2359,33.4,1430,1.83,.7,1754,.9,1709,.9,9,270,1635,4.7,250,1633,1.2,1075,24.6,56,1359,86.8,31,1002.8,1013.1,738,1009,1528,1011.6,14.1,6.5,1200,2.7,17.18,,,,,,6.6,4.1,30.4,23.6,30,29.9,29.3,29,27.8,25.5,23.5,19.2,15.9,3.2,4.6,.9,
101,2016-08-01,26.3,23.5,2347,32.3,1529,2.08,4.1,1814,9.1,1759,10.2,12.3,230,1818,5.7,270,1819,1,898,23.8,56,1545,87.6,29.4,1001.9,1012.3,904,1008.2,1721,1010.7,14.1,5.7,1300,2.47,16.09,,,,,,7.6,5.1,29.7,22,29.6,29.5,29.2,29,28.2,25.5,23.5,19.3,16,3,4.3,10.2,
101,2016-08-02,26.3,23,244,31.8,1541,,,,,,,4.7,270,1547,2.6,290,1555,1,877,23.1,53,1501,84.9,28.3,1000.6,1010.9,1,1007.5,1531,1009.4,14.1,5.6,1200,2.55,16.95,,,,,,8.3,5.6,29.6,22.4,29.4,29.4,29.1,29,28.2,25.6,23.6,19.4,16,3.1,4.5,,
101,2016-08-03,27.6,22.7,458,33.7,1556,1,0,,0,,0,6.4,70,1850,3.7,90,1917,1.2,1063,23.2,46,1518,80.1,28.5,1000.6,1010.9,839,1007.1,1803,1009.4,14,10.3,1200,2.95,22.66,,,,,,3.9,2.1,30.6,21.5,30.2,30.1,29.5,29.3,28.4,25.7,23.7,19.4,16.1,4.3,6.2,0,
101,2016-08-04,28.2,23.7,504,34.3,1606,,,,,,,5,320,1438,2.6,360,2239,1.3,1155,22.9,46,1522,76.3,28,1001.3,1011.7,758,1007.9,1742,1010.1,14,12.6,1200,2.96,23.84,,,,,,1.8,1.4,31.5,21.6,30.9,30.7,30.2,29.8,28.7,25.8,23.7,19.5,16.1,4.6,6.5,,
101,2016-08-05,27.7,21.7,544,35,1733,,,,,,,4.3,270,1123,2.9,360,28,1.4,1249,21.9,38,1728,74.6,26.4,1001.5,1012.4,723,1007.9,1807,1010.3,14,12.6,1200,2.96,23.56,,,,,,.1,.1,31.3,20.1,30.8,30.7,30.3,30.1,29,25.9,23.8,19.6,16.2,4.6,6.5,,
101,2016-08-06,28.9,22.9,538,35.7,1639,,,,,,,4.3,270,1421,2.3,340,701,1.3,1085,23.5,40,1549,76.5,29.2,999.5,1010.8,510,1005.4,1745,1008.2,14,12.5,1200,2.89,23.22,,,,,,0,0,32.3,20.9,31.4,31.2,30.7,30.4,29.3,26,23.9,19.6,16.2,4.4,6.3,,
101,2016-08-07,29.5,25.2,615,34.9,1531,,,,,,,6.3,200,1502,3.1,230,1511,1.3,1134,24.8,50,1435,79.1,31.4,998.3,1008.3,2359,1004.9,1720,1007,13.9,10.6,1200,2.82,21.22,,,,,,1.3,1.3,33,23.6,32.2,31.9,31.4,31,29.6,26.2,23.9,19.7,16.2,4.3,6.1,,
101,2016-08-08,28.7,24.5,506,35.4,1534,,,,,,,7.6,90,1713,4.5,70,1717,1.6,1349,23.6,40,1419,76.6,29.1,999.2,1009.4,2325,1005.6,1623,1007.9,13.9,9.1,1200,2.86,21.91,,,,,,2.4,1.6,33.2,22.6,32.4,32.1,31.7,31.3,30,26.4,24,19.7,16.3,4.6,6.6,,
101,2016-08-09,28.6,24,530,34,1624,,,,,,,4.7,50,56,2.9,340,724,1.5,1314,23.8,52,1614,77.6,29.7,1000,1010.3,749,1006.6,1804,1008.7,13.8,9.3,1300,2.84,20.71,,,,,,3.1,2.4,33.1,22.2,32.3,32.2,31.7,31.4,30.3,26.5,24.1,19.8,16.3,3.9,5.6,,
101,2016-08-10,28.8,25.2,511,33.2,1627,,,,,,,5.5,270,1220,3,250,1222,1.2,1020,25.2,58,1232,82.6,32.1,1000.9,1011,854,1008.2,1732,1009.7,13.8,5.9,1200,2.85,15.35,,,,,,4.6,2.3,32.2,23.4,32.1,32,31.7,31.5,30.5,26.7,24.2,19.8,16.3,3,4.3,,
101,2016-08-11,29.3,24.7,516,35.5,1541,,,,,,,5,250,1729,2.7,270,1552,1.1,940,24.7,46,1659,79.5,31.2,1000.9,1011.8,822,1007.5,1716,1009.6,13.8,9.6,1200,2.9,20.82,,,,,,2.6,2.6,33.2,22.4,32.4,32.1,31.6,31.4,30.4,26.9,24.3,19.9,16.4,4.4,6.2,,
101,2016-08-12,29.5,24.2,525,35.7,1542,,,,,,,5.8,270,1415,3,250,1503,1.3,1160,24.4,48,1435,77.6,30.7,998.8,1010,725,1005,1754,1007.4,13.7,12.2,1200,2.95,22.56,,,,,,1.3,1.3,33.9,21.8,32.8,32.5,32,31.8,30.7,27,24.4,19.9,16.4,4.4,6.3,,
101,2016-08-13,29.4,25.1,456,34.9,1447,,,,,,,5.7,200,1516,3.1,250,1456,1.2,1070,25.5,50,1448,81.9,32.6,997.1,1007.4,735,1003.9,1614,1005.7,13.7,6,1300,2.52,15.8,,,,,,2.4,2.1,33.3,22.9,32.6,32.4,32.1,31.9,31,27.2,24.5,20,16.4,3.3,4.7,,
101,2016-08-14,28.2,25.8,440,33.5,1348,1.5,.6,1536,1.1,1458,1.1,6.1,250,1335,3.5,230,1409,1.1,988,25.9,60,1344,88.4,33.4,995.9,1006,923,1003.1,1542,1004.6,13.7,3,1200,2.18,11.96,,,,,,6,4,31.5,24,31.8,31.8,31.8,31.7,31,27.3,24.6,20,16.5,2.4,3.5,1.1,
101,2016-08-15,29,25.5,609,33.8,1608,1.33,0,,0,,0,4.7,250,1331,2.9,250,1358,1.2,1016,24,44,1652,77.6,30,993.2,1004.3,5,999.7,1748,1001.9,13.6,7.3,1200,2.95,18.9,,,,,,6.9,3.4,32.7,24.9,31.7,31.6,31.3,31.3,30.7,27.4,24.7,20.1,16.5,3.7,5.3,0,
101,2016-08-16,28.9,25,612,34.5,1537,1.33,0,,0,,0,4.8,290,1711,2.9,340,1650,1.4,1244,23.8,44,1517,76.5,29.5,992.8,1002.9,2400,999.4,1531,1001.5,13.6,9.6,1200,2.78,20.14,,,,,,4.6,3.1,33.8,22.7,32.4,32.1,31.8,31.6,30.7,27.5,24.8,20.1,16.5,4,5.7,0,
101,2016-08-17,28.4,23.9,557,34.2,1617,,,,,,,5.2,340,1243,2.8,360,8,1.4,1196,23.3,41,1549,77.4,28.8,995.1,1005.2,2244,1002.1,1513,1003.7,13.6,11.5,1200,2.91,21.35,,,,,,3.1,2.1,33.5,21.4,32.5,32.3,32,31.8,31,27.6,24.9,20.2,16.6,4.1,5.8,,
101,2016-08-18,27.8,23.5,507,34.2,1605,,,,,,,4,320,126,2.6,340,1804,1.2,1076,23.6,38,1552,80.3,29.1,997.3,1007.8,736,1004.2,1602,1006,13.5,5,1400,2.3,15.6,,,,,,6.6,4.4,32.6,21.5,31.9,31.8,31.8,31.7,31.1,27.7,25,20.2,16.6,3,4.3,,
101,2016-08-19,27.5,25,452,31.8,1323,.67,.1,,.1,,.1,10.2,340,2346,3.5,340,1657,1.5,1337,24.3,58,1308,84.3,30.4,998.4,1008,905,1006.3,214,1007.2,13.5,.8,1100,1.79,11,,,,,,7.9,6.8,31.2,22.7,31.4,31.3,31.5,31.5,31,27.8,25.1,20.2,16.6,2.3,3.3,.1,
101,2016-08-20,28.9,24.8,546,34,1523,,,,,,,5.4,360,1346,3,360,1428,1.6,1348,22.6,45,1342,71.3,27.5,998.1,1008.8,838,1004.6,1600,1006.8,13.5,6.6,1200,2.83,17.66,,,,,,6.6,4.9,33,23.3,31.9,31.7,31.3,31.2,30.7,27.8,25.2,20.3,16.7,3.7,5.3,.7,
101,2016-08-21,27.6,24.4,625,32.9,1434,2.38,.5,407,.7,343,.7,6.6,20,2055,3.7,360,2055,1.4,1178,23.3,47,1414,79.1,28.7,998.2,1008.4,1008,1005.2,1519,1007,13.4,3.9,1200,2.79,13.66,,,,,,7,4.6,32.2,22.9,31.8,31.6,31.5,31.4,30.8,27.8,25.2,20.3,16.7,2.9,4.2,,
101,2016-08-22,27.7,22.8,558,33.9,1613,,,,,,,7,90,1831,3.5,70,1812,1.7,1461,22.3,45,1432,75.5,27,998,1008.6,747,1004.3,1611,1006.7,13.4,11.9,1200,2.83,20.2,,,,,,2.4,2.4,33.2,20.6,31.7,31.5,31.3,31.2,30.7,27.9,25.3,20.4,16.8,4,5.8,,
101,2016-08-23,27.9,22.6,608,33.7,1648,1.33,0,,0,,0,5.5,70,2136,3.1,340,359,1.7,1463,22,44,1646,72.8,26.4,998.1,1008.6,758,1004.6,1706,1006.8,13.3,9.9,1300,2.92,21.03,,,,,,4.4,3.4,34.2,20.5,32.1,31.8,31.5,31.4,30.7,27.9,25.4,20.4,16.8,4,5.8,0,
101,2016-08-24,27.5,24.5,650,32.5,1612,.75,0,,0,,0,4.3,200,411,2.3,200,416,1,865,22.1,46,1528,74.9,26.8,998.5,1009.1,858,1005.7,1537,1007.3,13.3,6.1,1300,2.3,14.37,,,,,,4.5,1.5,32.3,22.1,31.8,31.7,31.6,31.6,30.9,27.9,25.4,20.5,16.8,3,4.3,,
101,2016-08-25,26.7,22.8,535,32.4,1409,4.5,1.3,2032,4.7,2025,6.4,6.6,250,1423,3.8,230,1413,1.3,1157,22.3,46,1406,80.9,27.1,996.6,1007.1,1,1003.1,1518,1005.4,13.3,3.5,1100,2.44,12.72,,,,,,6.6,3.5,31.5,19.7,31,30.9,31,31.1,30.8,28,25.5,20.5,16.8,2.8,4,17,
101,2016-08-26,21.3,15.4,2356,26.8,1607,6.17,2,252,5.7,212,10.6,9.5,20,700,4.4,50,647,2.3,2000,13.9,32,1536,67.4,16.4,1001.9,1013.5,2203,1005.7,1,1010.9,13.2,7.2,1200,2.87,16.44,,,,,,4.3,2.6,25,11.9,27.9,28.1,29.1,29.8,30.2,27.9,25.5,20.5,16.8,3.9,5.6,0,
101,2016-08-27,20.4,13,614,27.1,1438,,,,,,,9.3,70,1613,4.3,20,1101,2.5,2175,12.8,39,1501,65.9,14.9,1001.7,1014,749,1008.3,2358,1010.7,13.2,11.4,1200,2.94,20.89,,,,,,2.9,1.9,24,10.6,25.5,25.6,26.8,27.8,29.1,27.9,25.6,20.6,16.8,4.3,6.1,,
101,2016-08-28,19.2,17.2,2352,20.5,1334,8.03,.3,1959,1.2,1959,1.8,9.2,340,1035,5.6,340,1030,2.5,2128,16,70,851,82.1,18.2,997.6,1009.3,13,1005.2,1421,1006.5,13.2,0,1200,.91,5.39,,,,,,9.4,3.8,21.8,15.9,24.2,24.4,25.7,26.8,28.2,27.7,25.6,20.6,16.8,1.3,1.8,1.8,
101,2016-08-29,19.2,16.2,606,22.6,1328,4.75,.2,2054,.5,2208,.9,4.9,320,1304,3.2,340,1308,1.2,1015,15.5,54,1335,81.3,17.7,993.5,1005.7,30,999.4,2350,1002.4,13.1,.4,1200,1.42,7.44,,,,,,8.8,4.5,21.4,14.6,23.2,23.3,24.3,25.4,27.1,27.5,25.6,20.7,16.9,1.5,2.2,.9,
101,2016-08-30,19.3,16.9,651,22.4,1527,6.67,0,,0,,0,7.6,230,2258,3.8,230,2330,1.4,1199,15.2,56,1353,78.5,17.3,983.2,999.4,1,988,2400,992,13.1,.7,1300,1.86,7.67,,,,,,8.4,6.5,21.5,15.8,23.1,23.1,24,24.9,26.3,27.1,25.6,20.7,16.9,1.8,2.5,.4,
101,2016-08-31,17.6,16.7,455,19,1,18.5,.2,1510,.5,1621,1.4,9.5,200,1736,4.9,230,1743,2.9,2510,14.9,70,1,84.6,17,980.8,996.6,2357,985.5,449,989.7,13,0,1200,.47,2.42,,,,,,8.9,6.9,18.7,13.7,21.2,21.3,22.9,24.1,25.7,26.7,25.5,20.7,16.9,1,1.5,1,
101,2016-09-01,20.9,14.8,625,28.5,1336,2.42,1.3,2303,1.3,2301,1.3,12,200,1514,6.6,160,1535,1.4,1174,18,49,1524,85.4,20.7,992.2,1006.2,2302,996.6,1,1001.1,13,9.4,1200,2.3,14.32,,,,,,4.8,4.8,22.3,11.2,22.1,22.1,22.5,23.3,24.8,26.4,25.4,20.8,17,2.5,3.6,2.5,
101,2016-09-02,22.7,19.1,419,28.5,1433,8.58,.7,536,.7,536,1.5,7.6,160,1332,3.5,180,1341,1.2,1020,19.2,49,1314,83,22.3,999,1009.6,2135,1005.6,39,1007.9,13,5.4,1100,2.59,13.57,,,,,,8.5,4.3,24.8,17.4,24.2,24.1,24.1,24.3,24.7,26,25.3,20.9,17,2.5,3.5,3.1,
101,2016-09-03,23.4,20.3,536,28.4,1716,5.5,1.3,345,1.9,345,2.8,4.7,340,1420,2.5,340,958,1.4,1190,20.7,62,1525,86.5,24.4,1000.6,1011.4,2357,1008,1609,1009.4,12.9,5.5,1400,2.15,12.4,,,,,,6.4,4.1,25.2,19.3,25.1,24.9,24.9,25.1,25,25.7,25.2,20.9,17,2.3,3.3,,
101,2016-09-04,24.4,21.1,417,27.7,1231,,,,,,,5.4,90,1257,3.1,90,1301,1.4,1172,21.2,63,1213,83.9,25.2,1002.7,1013,648,1010.4,1601,1011.6,12.9,3.1,1100,1.81,11.41,,,,,,7,2.8,25.5,19,25.6,25.5,25.5,25.6,25.3,25.5,25,20.9,17,2.3,3.2,,
101,2016-09-05,25.4,21.5,644,30.8,1514,,,,,,,4.5,250,1548,2.9,250,1552,1.1,987,21,49,1438,79.4,24.9,1001.1,1011.4,936,1008.3,1824,1009.9,12.8,8,1200,2.57,16.4,,,,,,4.1,2.8,27.8,18.2,26.7,26.6,26.2,26.1,25.6,25.4,24.9,21,17.1,2.8,4,,
101,2016-09-06,23.2,20.3,302,27.6,1604,,,,,,,7,250,1524,3,230,1516,1,887,20.4,54,1510,86.4,24,1000.4,1011.2,803,1007.2,1854,1009.2,12.8,2.5,1200,1.73,9.43,,,,,,7.5,4,25.3,17.2,25.9,25.9,26.1,26.4,25.9,25.3,24.7,20.9,17.1,1.8,2.6,,
101,2016-09-07,22.9,19.1,307,28.8,1540,1.5,7.6,2321,14,2258,17.1,5.5,360,2245,3.5,360,2248,1.1,913,18.7,40,1454,81.1,21.7,997.7,1008.5,659,1004.3,1809,1006.5,12.8,4.4,1300,2.53,14.04,,,,,,8.4,6.9,25.9,15.9,25.8,25.6,25.8,26,25.8,25.3,24.6,21,17.1,2.7,3.8,17.3,
101,2016-09-08,21.5,18.9,522,27.8,1553,6.33,14.7,1735,19,1736,28.8,6.5,70,1743,3.1,20,1700,1.1,936,18.8,53,1222,87,21.7,998.6,1009.3,2110,1005.1,1419,1007.5,12.7,7.7,1100,2.56,16.18,,,,,,6.9,4.1,24.9,16.7,24.7,24.9,25.4,26,25.8,25.3,24.6,21,17.1,2.7,3.9,29.8,
101,2016-09-09,21.9,18.9,133,27.9,1509,2,.6,346,1.2,304,1.2,6.1,360,1739,4.1,340,1741,1.2,1020,18.7,51,1521,84.5,21.6,1001.5,1012.8,2320,1008.2,1458,1010.4,12.7,6.2,1200,2.59,15.04,,,,,,6,3,24.9,17,25,25,25.1,25.5,25.7,25.3,24.5,21,17.1,2.7,3.8,,
101,2016-09-10,21.9,17.3,540,27.9,1654,.17,0,,0,,0,4.1,340,2253,2.6,340,2256,1.2,996,18.8,46,1705,84,21.8,1004.2,1014.6,1000,1011.6,1702,1013.2,12.6,6.7,1300,2.41,15.18,,,,,,6.9,3.4,25,14.9,25,24.9,25.2,25.5,25.6,25.2,24.4,21,17.2,2.6,3.7,.3,
101,2016-09-11,23,19.5,625,27.1,1507,1.4,.2,218,.3,149,.3,3.8,340,2233,2.4,360,2238,1,890,19.9,57,1507,84.5,23.3,1006.5,1017.4,2341,1013.9,1602,1015.4,12.6,4.3,1200,2.07,12.43,,,,,,6.1,3.6,25.6,17.4,25.4,25.3,25.4,25.6,25.5,25.2,24.4,21,17.2,2,2.9,3.7,
101,2016-09-12,22.5,19.6,2358,27.2,1635,5.08,.7,510,2.1,510,3.7,3.9,320,1758,2.3,340,1802,.9,815,19.2,54,1639,83.1,22.2,1008.3,1018.8,2334,1014.8,1650,1017.3,12.6,6,1300,2.37,11.77,,,,,,5.4,2.9,24.7,16.7,25.3,25.3,25.4,25.6,25.5,25.1,24.3,21,17.2,2.3,3.2,,
101,2016-09-13,22.7,17.1,554,28.9,1630,,,,,,,5.5,20,1311,2.8,360,1149,1.3,1102,17.8,45,1546,76.8,20.4,1009.6,1020.3,714,1016.5,1728,1018.6,12.5,10.5,1200,2.9,19.29,,,,,,5.5,3,25.4,14.5,25.1,25,25.2,25.4,25.5,25.1,24.3,21,17.3,3.4,4.9,,
101,2016-09-14,22.7,19.9,625,27.4,1305,.68,.6,1424,1.2,1416,1.2,7.2,320,1423,4.9,340,1430,1,841,19.6,53,1731,84.9,23,1008.8,1019.5,132,1015.8,1652,1017.8,12.5,7.1,1100,2.24,13.07,,,,,,5,3.4,24.7,17.1,25.2,25.2,25.5,25.6,25.5,25,24.2,21,17.3,2.2,3.2,1.2,
101,2016-09-15,22.1,19,155,26.9,1543,,,,,,,3.1,320,1415,1.8,290,1422,.7,646,19,51,1400,85,22,1007.9,1018.7,933,1014.8,1548,1016.9,12.4,3.1,1200,2.32,10.81,,,,,,7.4,3.4,24.1,16.2,24.8,24.8,25.1,25.4,25.5,25,24.2,21,17.3,1.8,2.6,,
101,2016-09-16,22.2,19,317,26.9,1504,,,,,,,3.5,340,655,2.1,340,701,.8,662,19.3,53,1432,85.6,22.5,1006.2,1016.8,926,1013.5,1852,1015.1,12.4,2.9,1200,2.04,10.41,,,,,,9.5,5.9,24.2,17,24.8,24.7,24.9,25.2,25.3,24.9,24.1,21,17.3,1.7,2.5,1.9,
101,2016-09-17,22.2,19.3,2359,27.2,1429,6.75,.4,717,1.6,702,1.9,8,70,1743,4,70,1447,1.4,1245,17.9,48,1612,78.9,20.6,1003.7,1014.7,108,1010.5,1418,1012.6,12.4,6.6,1300,2.51,13.2,,,,,,5.1,3,23.8,15.3,24.9,24.8,25,25.2,25.2,24.9,24.1,21,17.3,2.9,4.2,0,
101,2016-09-18,20.8,17.4,425,24.9,1141,,,,,,,7.4,70,929,3.9,50,933,1.8,1554,15.2,51,1130,72.9,17.3,1004.1,1014.5,2245,1011.8,1611,1013.1,12.3,5.6,1000,2.12,12.8,,,,,,5.3,4.8,22.7,14.3,23.6,23.6,24.3,24.8,25.1,24.9,24.1,21,17.4,2.6,3.7,,
101,2016-09-19,19,14.8,623,24.8,1252,,,,,,,9.1,50,1419,4.6,50,1413,2.3,1950,13.4,48,1253,72.3,15.4,1005.8,1017.1,2303,1013.1,1254,1014.9,12.3,8,1200,2.52,15.73,,,,,,4.3,3.6,21.7,11.2,22.7,22.7,23.5,24.1,24.8,24.8,24,21,17.4,3.1,4.5,,
101,2016-09-20,17.5,11.6,637,24.5,1507,,,,,,,8.9,70,1302,4.2,50,1223,1.7,1503,9,30,1458,62.3,11.5,1009.2,1021.8,2316,1016.3,1345,1018.3,12.2,11,1200,2.66,18.65,,,,,,.9,.3,21.2,6.8,21.8,21.8,22.7,23.4,24.4,24.7,24,21,17.4,3.6,5.2,,
101,2016-09-21,16.8,9.5,617,24.3,1538,,,,,,,6.7,250,1334,2.7,360,159,1.4,1207,11.2,43,1532,72.5,13.4,1013,1025,755,1019.9,1605,1022.2,12.2,10.1,1100,2.37,16.54,,,,,,4.9,1.6,20.6,4.7,21,21.1,21.9,22.7,23.9,24.5,23.9,20.9,17.4,2.8,3.9,,
101,2016-09-22,19.1,14.2,606,26.1,1608,,,,,,,4.4,250,1417,2.9,360,2105,1.5,1334,12.9,35,1611,70.6,14.9,1009.9,1022,1,1016.2,1706,1019.1,12.2,9.1,1200,2.55,16.24,,,,,,4.1,2.9,22.1,11.3,22,21.9,22.3,22.7,23.6,24.4,23.9,20.9,17.4,2.9,4.1,,
101,2016-09-23,18.7,12.8,618,26.5,1522,,,,,,,4.2,320,2355,2,340,1713,.9,786,14.2,38,1457,79.1,16.3,1008.7,1020.1,732,1015,1744,1017.9,12.1,8.5,1200,2.45,16.29,,,,,,1.9,1.5,22,8.8,22.1,22,22.4,22.9,23.5,24.2,23.8,20.9,17.5,2.7,3.9,,
101,2016-09-24,19.5,13.8,522,26.9,1642,,,,,,,3.3,340,1,2.1,340,6,1,846,15,40,1530,79.5,17.1,1007.9,1019.4,711,1014.4,1529,1017,12.1,7.8,1200,2.39,15,,,,,,3.3,1,22.2,10,22.4,22.3,22.6,23,23.5,24,23.7,20.9,17.5,2.5,3.6,,
101,2016-09-25,20.3,15.7,636,27.2,1600,,,,,,,3.2,50,2313,1.7,340,817,.8,678,16.6,43,1642,81.8,19,1008.4,1019.2,1005,1015.7,1549,1017.5,12,5.5,1300,2.13,11.85,,,,,,6.6,1,23.1,13,22.6,22.5,22.8,23.1,23.5,23.9,23.6,20.9,17.5,2,2.9,,
101,2016-09-26,21.1,17,450,27.9,1639,,,,,,,4.7,340,1300,3.2,340,1304,1,902,17.1,45,1638,80.9,19.5,1008,1018.6,1003,1014.8,1442,1017,12,6.3,1400,1.99,11.8,,,,,,4.6,3.1,23.2,13,22.9,22.8,23.1,23.3,23.5,23.8,23.5,20.9,17.5,2.2,3.1,0,
101,2016-09-27,19.3,18.1,626,20.8,1400,14.55,.9,1646,3.8,1638,16.4,3.6,160,1520,1.8,340,227,.7,624,18.8,82,1014,97.3,21.7,1007.9,1018,2118,1016,505,1017,12,0,1300,.53,3.03,,,,,,9.4,5.4,21.2,15.6,22.2,22.3,22.8,23.3,23.6,23.8,23.5,20.9,17.5,.6,.9,16.4,
101,2016-09-28,20,18.5,656,22.7,1421,3.75,0,,0,,0,7.2,50,2150,3.4,50,2040,1.3,1095,17,68,2051,83.8,19.5,1006.8,1017.3,16,1013.9,1551,1015.8,11.9,.2,1200,1.32,6.07,,,,,,10,4.8,21.5,17.5,22.2,22.1,22.4,22.8,23.3,23.7,23.4,20.9,17.6,1.6,2.3,,
101,2016-09-29,18.7,16.6,2400,22,1538,,,,,,,7.6,70,955,3.4,50,217,1.8,1552,12.8,55,1500,69.3,14.8,1008.8,1019.7,915,1016.4,136,1017.9,11.9,0,1200,1.27,7.42,,,,,,8,6.1,20.2,13.8,21.4,21.4,22,22.6,23.1,23.6,23.3,20.9,17.6,1.5,2.2,,
101,2016-09-30,19.2,16.1,535,23.9,1548,,,,,,,3.8,200,1716,2.3,340,851,1,839,15.9,57,1548,83,18.1,1006.9,1017.9,1,1013.4,1527,1016,11.8,4.1,1000,1.64,10.64,,,,,,8.4,5.3,21.1,13.7,21.3,21.4,21.7,22.2,22.8,23.5,23.3,20.9,17.6,1.7,2.5,,
101,2016-10-01,19.3,16.3,450,24.7,1511,,,,,,,3.3,360,906,2.2,340,828,.8,713,16,47,1517,83.6,18.2,1009.4,1020,2337,1016.6,1511,1018.5,11.8,3.7,1200,2.04,10.62,,,,,,,,21.3,13.7,21.6,21.6,21.9,22.3,22,22.8,23.1,,,1.7,2.4,,
101,2016-10-02,17.4,16.5,631,19.1,1256,,3.2,1946,8.2,1728,23.1,6.3,250,1353,3.9,250,1355,1.2,1015,17,88,1154,97.8,19.4,1006.8,1020.1,53,1009.3,2359,1015.9,11.8,0,1000,.46,2.59,,,,,,,,19.2,15.1,20.4,20.5,21.4,22,22,22.9,23,22.8,20.3,.5,.8,66.9,
101,2016-10-03,20.7,16.7,1,28.1,1555,,14.8,419,28.3,343,43.8,6.8,340,722,4.1,340,1028,1.1,919,17.7,49,1721,86,20.3,1000.8,1014.6,2352,1006.5,517,1009.7,11.7,7.3,1200,2.37,12.99,,,,,,,,21.5,12.3,20.9,20.8,20.8,21.2,22.1,23.2,23,,,2.4,3.4,,
101,2016-10-04,19.2,14.8,425,25.7,1358,,,,,,,8,70,1333,4.3,340,1016,2.2,1894,14.3,48,1209,76.6,16.4,1007.7,1018.7,911,1014.6,1,1016.8,11.7,9.9,1200,2.37,16.06,,,,,,,,20.4,11.1,20.9,20.9,21.3,21.6,22,23,23,20.8,17.7,3.1,4.5,0,
101,2016-10-05,18.8,15.6,2359,24.3,1620,,0,,0,,0,7,320,1054,4.4,340,1158,1.7,1475,15.5,54,1455,83.1,17.7,1002.6,1016.4,36,1007.7,1258,1011.7,11.6,4.2,1400,1.75,8.04,,,,,,,,19.6,11.1,20.5,20.5,21,21.5,22,22.8,22.9,20.8,17.7,1.6,2.3,0,
101,2016-10-06,18,13.8,406,24,1537,,,,,,,4.8,340,2159,3.1,360,2200,1,879,14,40,1516,80.5,16,1012,1024.5,2254,1016.3,1,1021.2,11.6,9.5,1100,2.37,15.33,,,,,,,,20.3,9.5,20.3,20.3,20.8,21.2,21.8,22.7,22.8,20.8,17.7,2.6,3.7,,
101,2016-10-07,18.8,14.8,657,23.4,1521,,.4,1948,1.1,1907,2.2,5.6,320,38,3,340,41,1.3,1117,15.1,55,1519,81,17.2,1011.2,1024.3,610,1016.6,2347,1020.3,11.6,4.3,1100,1.76,9.72,,,,,,,,20.4,12.6,20.5,20.5,20.8,21.2,21.7,22.6,22.7,20.8,17.7,1.6,2.2,6.7,
101,2016-10-08,17.4,13.3,2359,22.1,1429,,.5,30,2.1,24,4.5,8.7,250,1454,5.1,250,1459,2,1744,10.7,38,1500,68.6,13.3,1002.7,1016.6,1,1008.8,1435,1011.8,11.5,6.8,1100,1.84,11.76,,,,,,,,19.5,9.6,20.2,20.3,20.8,21.3,21.7,22.5,22.6,20.8,17.8,2.9,4.1,,
101,2016-10-09,11.7,6,651,17.2,1611,,,,,,,5.9,250,1730,3,250,1739,1.3,1124,3.8,34,1514,61.5,8.2,1010.4,1021.7,2224,1014.3,1,1019.8,11.5,10.2,1200,2.4,16.1,,,,,,,,15.8,1.4,17.6,17.7,19.1,20.1,21.4,22.4,22.5,20.7,17.7,2.5,3.6,,
101,2016-10-10,12.1,5.8,653,20.2,1615,,,,,,,4.5,270,1358,2.4,340,953,1,844,5.5,12,1559,69.5,9.2,1012.2,1024.2,815,1019.3,1503,1021.5,11.4,10.2,1200,2.39,15.92,,,,,,,,15.5,1.7,16.8,16.8,18,19,20.6,22.2,22.4,20.7,17.8,2.5,3.6,,
101,2016-10-11,12.9,6.9,336,20.1,1529,,,,,,,4.9,270,1651,2.6,230,1450,1,841,8.1,40,1425,77,10.9,1011.5,1023.3,854,1018,1631,1020.9,11.4,7.4,1200,2,11.87,,,,,,,,15.1,2.8,16.3,16.3,17.3,18.4,20,22,22.3,20.6,17.8,1.9,2.8,,
101,2016-10-12,13.8,8.7,505,21,1535,,,,,,,5.1,320,1113,2.3,250,1616,.9,792,8.5,27,1411,76,11.2,1013.1,1024.5,852,1020.2,1549,1022.5,11.4,8.6,1200,2.29,14.21,,,,,,,,15.9,3.7,16.8,16.8,17.6,18.3,19.6,21.8,22.2,20.6,17.8,2.4,3.4,,
101,2016-10-13,13.2,7.1,646,21.6,1542,,,,,,,5.1,200,1644,2.5,200,1632,1,829,7.1,30,1524,71.8,10.1,1014.3,1025.7,937,1020.9,1521,1023.7,11.3,9.7,1200,2.24,14.77,,,,,,,,15.4,2.5,16.3,16.4,17.3,18.1,19.4,21.6,22.1,20.6,17.8,2.4,3.4,,
101,2016-10-14,13.5,7.4,602,21.2,1515,,,,,,,2.6,250,1135,1.7,230,1225,.7,580,9.8,41,1256,82.4,12.3,1016.9,1027.9,2335,1023.9,1619,1026.3,11.3,8.2,1200,1.89,11.86,,,,,,,,15.2,3.4,16.1,16.1,17,17.8,19.1,21.3,22,20.6,17.8,1.6,2.3,,
101,2016-10-15,15.3,10.9,211,21.8,1523,,,,,,,2.7,270,1332,1.6,340,852,.7,600,12.7,48,1446,87,14.8,1017.1,1029,912,1023.8,1546,1026.4,11.3,4.6,1200,1.83,8.96,,,,,,,,16.5,6.2,16.8,16.8,17.3,17.8,18.9,21.1,21.8,20.5,17.8,1.3,1.9,,
101,2016-10-16,14.9,12.8,642,17.1,1503,,.1,,.1,,.3,5.2,230,651,2.1,230,656,.5,462,13.9,76,1339,94.6,16,1011.1,1025.1,1,1017,2355,1020.4,11.2,0,1000,.69,3.36,,,,,,,,15.9,8.8,16.7,16.8,17.4,18,18.8,20.9,21.7,20.5,17.8,.6,.9,.3,
101,2016-10-17,16,12.1,2358,22,1447,,,,,,,5,230,1602,2.5,230,1626,.8,730,13.2,51,1552,85.4,15.2,1009,1020.4,2358,1016.1,1444,1018.2,11.2,5.3,1200,1.91,9.38,,,,,,,,17.7,7,17.7,17.6,17.8,18.2,18.7,20.8,21.6,20.5,17.8,1.5,2.2,,
101,2016-10-18,15.8,11,142,23.5,1610,,,,,,,4.3,340,538,2.5,340,812,1,894,12.4,37,1606,83.1,14.4,1011.5,1023.1,837,1018.8,1511,1020.7,11.1,8.2,1200,2.17,12.55,,,,,,,,17.1,6.1,17.4,17.5,17.9,18.3,18.8,20.6,21.5,20.5,17.8,2,2.9,,
101,2016-10-19,16.4,12.3,545,24,1518,,,,,,,5.3,230,1554,2.4,230,1628,1,883,12.4,45,1534,80.5,14.4,1009.3,1020.9,17,1015.2,1547,1018.5,11.1,7.6,1200,2.08,12.5,,,,,,,,17.8,7.4,17.8,17.8,18.1,18.5,18.9,20.5,21.3,20.5,17.8,2.1,3,,
101,2016-10-20,15.8,10.6,334,23.8,1356,,,,,,,9.4,70,1640,5.4,70,1713,1.8,1563,11,45,1319,76.4,13.1,1011.4,1023.1,2304,1018.2,1359,1020.7,11.1,7.2,1200,1.96,11.55,,,,,,,,16.7,5.7,17.4,17.5,18,18.5,19,20.4,21.2,20.4,17.8,2.5,3.6,,
101,2016-10-21,17,14.3,722,21.1,1431,,,,,,,4.7,340,157,2.8,340,151,1.3,1114,12.2,52,1432,75,14.3,1011.5,1023.2,943,1018.7,1753,1020.7,11,4.1,1100,1.56,8.7,,,,,,,,17.7,11.4,18.1,18.1,18.3,18.7,19,20.3,21.1,20.4,17.9,1.6,2.3,,
101,2016-10-22,17.5,13.1,702,21.5,1452,,0,,0,,0,8.2,20,2328,4.1,50,2228,1.3,1085,11.5,49,1116,69.5,13.6,1006.2,1019.1,7,1012.2,1518,1015.4,11,6,1000,1.69,9.8,,,,,,,,18.1,9.4,18.3,18.3,18.5,18.8,19.1,20.3,21.1,20.4,17.9,2.2,3.1,0,
101,2016-10-23,12.3,7.4,2358,17,1,,.2,1333,.4,1305,.4,9.7,70,545,4.4,50,631,2.6,2255,6.5,59,1004,68.4,9.7,1010,1021.2,2358,1015.6,1,1019.3,10.9,0,1400,.31,2.2,,,,,,,,14.5,1.8,16.9,17,18.1,18.7,19.2,20.2,20.9,20.3,17.9,.8,1.2,.4,
101,2016-10-24,11.3,4.6,642,18.7,1546,,,,,,,3.6,250,1544,2.1,340,854,.9,745,6.9,42,1434,78,10.1,1009.5,1022.4,841,1015,2400,1018.9,10.9,9,1200,2.11,13.08,,,,,,,,13.4,-.8,14.6,14.7,16,17,18.5,20.2,20.8,20.2,17.8,1.9,2.7,29.3,
101,2016-10-25,12.4,10.9,2145,16,1542,,1.7,653,8,656,33.4,4.3,250,1652,2.6,250,1645,.8,652,11.8,76,1528,96.5,13.8,1003.2,1017.3,2226,1009,1141,1012.5,10.9,2,1500,1.19,4.04,,,,,,,,13.8,6,14.7,14.7,15.7,16.6,18,20.1,20.7,20.2,17.9,.7,1.1,4.1,
101,2016-10-26,13,10,2159,15.1,1353,,,,,,,3.7,200,1405,2.1,200,1409,.7,604,11.1,71,1256,89.6,13.3,1011.4,1024.4,2337,1017.1,1,1020.8,10.8,1.3,1000,.86,4.62,,,,,,,,14.3,4.3,15,15,15.7,16.3,17.5,19.9,20.7,20.2,17.9,.7,.9,,
101,2016-10-27,14,8.2,607,20.7,1523,,,,,,,4.3,340,917,2.9,340,917,1,857,9.9,39,1618,78.6,12.2,1014.6,1027.7,840,1020.4,2400,1024,10.8,7.8,1200,1.85,11.49,,,,,,,,14.7,4,14.9,14.9,15.4,16.1,17.2,19.7,20.6,20.1,17.9,1.7,2.5,.5,
101,2016-10-28,13.6,9.8,2338,17.2,1547,,.3,623,.5,550,.5,5.3,320,1639,2.8,320,1645,.8,722,9.9,53,1649,79.5,12.3,1007.9,1020.6,2333,1014,1506,1017.2,10.8,1.4,1100,1.45,5.47,,,,,,,,14.7,5.1,15.6,15.6,16.1,16.6,17.2,19.5,20.5,20.1,17.9,1,1.5,,
101,2016-10-29,9.8,4.4,2400,13.7,1523,,,,,,,6.2,230,1708,2.9,200,1626,1.5,1269,2,38,2053,59.9,7.2,1016,1028.7,2350,1020.2,2,1025.5,10.7,1.4,1000,1.02,6.12,,,,,,,,12.2,-1.8,14.2,14.3,15.3,16.1,17.1,19.3,20.4,20.1,17.9,1.3,1.9,,
101,2016-10-30,5.3,-1.6,717,13.9,1554,,,,,,,3.7,200,1612,2,180,1621,.7,610,-2.9,16,1410,63.3,5.1,1020.2,1033.4,835,1027.5,1706,1030,10.7,9.4,1200,2.09,13.13,,,,,,,,8.1,-6.1,11.1,11.4,13.3,14.6,16.4,19,20.2,20,17.8,1.9,2.7,,
101,2016-10-31,5.5,2.1,203,9,1538,,0,,0,,0,6.4,200,2148,3.3,230,1936,1.2,1058,-.1,50,2219,68.4,6.1,1017.1,1028.6,1,1024.5,1641,1026.7,10.6,0,1400,.36,1.77,,,,,,,,7.6,-3.6,10.1,10.3,11.9,13.3,15.5,18.9,20.1,19.9,17.8,.8,1.1,0,
101,2016-11-01,1.7,-4,719,8.9,1527,,,,,,,6.1,230,1719,3.3,230,1719,1.2,998,-8.3,23,1604,51.8,3.3,1020.8,1032.4,944,1028.3,1,1030.6,10.6,9.3,1200,2.07,12.96,,,,,,,,5,-9.3,8.3,8.5,10.5,12,14.5,18.5,19.9,19.9,17.8,1.7,2.5,,
101,2016-11-02,3.3,-5.5,736,10.7,1513,,,,,,,7.4,290,1519,3.9,250,1526,1.2,1001,-4,31,1303,63.8,4.7,1018,1031.8,1,1024.4,1638,1027.8,10.6,8.6,1200,1.96,12.17,,,,,,,,5,-10.5,7.1,7.2,9.1,10.7,13.5,18.2,19.8,19.8,17.8,1.6,2.3,.1,
101,2016-11-03,7.4,2.7,654,12.7,1545,,,,,,.1,6.7,230,1710,3,230,1446,1.1,981,2.8,41,1550,75.8,7.5,1012.7,1025.5,14,1019.7,1602,1022.3,10.5,6.1,1200,1.75,8.59,,,,,,,,8.6,-2.9,9,9,9.9,10.9,12.9,17.8,19.6,19.8,17.9,1.2,1.8,,
101,2016-11-04,9.2,3,403,13.2,2346,,,,,,0,5.8,160,2253,2.9,180,2359,.7,567,5.4,58,1139,78.4,9,1007.2,1020.4,124,1013.5,1745,1016.7,10.5,.4,1100,.88,3.71,,,,,,,,8.9,-2.1,9.6,9.7,10.4,11.3,12.9,17.4,19.5,19.8,17.9,.9,1.3,0,
101,2016-11-05,14,10.2,2259,17.8,1514,,,,,,0,7.1,160,836,3.7,160,842,2.1,1822,9.9,64,1427,77.8,12.2,1004.6,1018.4,2355,1011.5,1416,1013.8,10.5,1.5,1300,1.26,4.07,,,,,,,,12.3,4.8,11.8,11.8,11.8,12.2,13,17.1,19.4,19.8,17.9,1.2,1.8,,
101,2016-11-06,11.6,9.5,2320,13.5,1335,,,,,,,9.1,70,138,4.2,70,146,2.6,2218,5.1,56,1323,65.3,8.8,1016.5,1028.5,2142,1018.4,1,1026,10.4,.5,1300,1.05,3.95,,,,,,,,11.3,5.8,12,12,12.4,12.9,13.4,16.9,19.1,19.7,17.9,1.1,1.6,0,
101,2016-11-07,12.1,9.5,1,15.6,1542,,,,,,3.5,6.2,200,1946,3.1,200,1947,1,902,8.2,57,1531,78,10.9,1013.5,1027.8,217,1018.7,2021,1022.9,10.4,1.2,1200,1.27,4.15,,,,,,,,12.2,7.9,12.3,12.2,12.5,13,13.5,16.7,18.9,19.7,17.9,.9,1.3,3.5,
101,2016-11-08,6.2,.5,2334,11.2,1,,,,,,,8.1,230,1555,3.8,340,1609,1.8,1547,.8,48,1620,69,6.6,1014.7,1029.4,2348,1019.4,43,1024.3,10.4,5.6,1300,1.68,8.42,,,,,,,,9.8,-4.8,11.5,11.6,12.5,13.2,13.7,16.6,18.7,19.6,17.9,1.2,1.8,,
101,2016-11-09,1.9,-3.4,742,9.4,1616,,,,,,,4.4,50,1336,2.1,180,1210,.7,589,-3.7,27,1603,70.8,4.7,1019.8,1032,825,1027.1,1720,1029.7,10.3,8.9,1200,1.86,11.49,,,,,,,,5,-8.8,7.7,8,9.9,11.4,13.1,16.4,18.5,19.5,17.8,1.3,1.9,,
101,2016-11-10,3.5,-.9,542,6.6,1500,,,,,,5.8,5.2,250,1433,2.3,250,1435,.7,592,.6,52,1210,83.3,6.6,1012.9,1029.7,1,1018,2358,1022.6,10.3,.3,1000,.87,3.97,,,,,,,,5.4,-4.2,7.1,7.2,8.7,10.1,12.2,16.3,18.3,19.4,17.8,.6,.8,7.7,
101,2016-11-11,7.7,2.5,2358,13.6,1453,,,,,,1.9,8.4,290,1506,4.2,250,1403,1.4,1186,3,34,1423,77,7.7,1009.3,1023.9,2357,1015.9,321,1018.8,10.3,7.4,1000,1.41,8.39,,,,,,,,8.1,-3,8.6,8.7,9.4,10.2,11.7,16.1,18.3,19.5,17.9,1.4,2,,
101,2016-11-12,8.6,.7,705,16.3,1523,,,,,,,6.7,230,1455,3.4,180,1328,1.1,928,3.4,34,1320,74.3,7.9,1013.5,1025.4,850,1020.8,1513,1023.1,10.2,5.9,1200,1.63,8.81,,,,,,,,7.8,-4.3,8.1,8.2,9.1,10.1,11.5,15.8,18.1,19.4,17.9,1.4,2,.3,
101,2016-11-13,11.8,8.9,2358,16.2,1423,,,,,,.3,3.3,290,4,1.8,320,105,.6,522,10,68,1420,90,12.3,1012.9,1024.8,1044,1020.7,1458,1022.3,10.2,1.6,1200,1.19,5.17,,,,,,,,11.1,3.7,10.7,10.6,10.7,11,11.7,15.7,18,19.3,17.9,.8,1.1,,
101,2016-11-14,10.5,8.6,224,12.2,1655,,,,,,.9,2.9,290,2333,1.5,360,813,.5,446,10.4,95,1253,99.9,12.6,1007.6,1020.9,1,1014.4,1654,1016.9,10.2,0,1100,.3,1.61,,,,,,,,10.5,3.9,10.8,10.9,11.2,11.7,12.2,15.4,17.8,19.3,17.9,.4,.5,.9,
101,2016-11-15,6.3,.8,2400,12.6,1502,,,,,,,5.8,230,47,3.5,230,1718,1,841,0,28,1518,71.1,6.4,1011.3,1024.1,2328,1016,1,1020.8,10.1,8.2,1200,1.8,10.36,,,,,,,,8.5,-5.4,10,10.2,11,11.7,12.3,15.3,17.6,19.2,17.8,1.6,2.3,,
101,2016-11-16,3.3,-2.5,728,11.2,1516,,,,,,,3.5,160,1348,1.6,360,917,.6,549,-1.7,28,1551,74.8,5.5,1014.6,1026,1000,1022,1453,1024.2,10.1,8.1,1200,1.61,9.22,,,,,,,,5,-7.8,7.1,7.3,9,10.2,11.8,15.2,17.4,19.1,17.8,1.1,1.5,,
101,2016-11-17,5.4,-.5,733,14.3,1604,,,,,,,2.3,290,842,1.5,250,1327,.5,453,1.4,37,1551,79.4,6.8,1016,1027.8,822,1023.5,1447,1025.5,10.1,8.4,1200,1.65,9.47,,,,,,,,5.7,-5.4,6.9,7,8.2,9.4,11.1,15.1,17.3,19,17.8,1.1,1.6,,
101,2016-11-18,5.4,.5,513,9.4,1520,,,,,,0,2.7,250,1516,1.9,250,1521,.5,463,3.7,66,1407,90,8.1,1010.9,1025.1,1,1015.3,2400,1020.4,10,.4,1200,.91,4.42,,,,,,,,6,-5.2,7,7,8,9.1,10.8,14.9,17.2,19,17.8,.6,.9,0,
101,2016-11-19,12.7,6.7,706,19,1443,,,,,,0,6.6,230,1857,3.7,230,2245,1.4,1247,7.2,47,1414,71.9,10.2,1004.7,1016.3,2346,1011.1,1356,1013.9,10,6.2,1200,1.57,8.81,,,,,,,,10.6,3.4,9.4,9.4,9.3,9.8,10.7,14.7,17.1,18.9,17.9,1.7,2.5,0,
101,2016-11-20,10.6,4,2314,16.6,1333,,,,,,,6.9,340,1346,3.8,320,1354,1,885,2.2,20,1344,61.3,7.5,1011.7,1023.2,2133,1016.1,3,1021,10,8.6,1200,1.65,9.47,,,,,,,,9.6,-3,10.4,10.5,10.8,11.1,11.3,14.5,16.9,18.9,17.9,1.7,2.4,,
101,2016-11-21,6.1,1.6,634,10,1550,,,,,,,5.5,360,854,3.3,340,900,.8,688,1.2,49,1553,71.8,6.7,1010.6,1023.5,229,1016.3,1556,1020,10,.5,1300,.62,3.13,,,,,,,,6.4,-3.9,8,8.1,9.3,10.3,11.4,14.4,16.7,18.7,17.8,.7,1,.4,
101,2016-11-22,5.3,.7,2357,8.4,1438,,,,,,.4,6.2,230,1029,3.8,200,1050,1.7,1442,-4,31,1526,52.6,4.8,1012.4,1026.4,2356,1017.7,45,1021.9,9.9,4,1300,1.48,6.18,,,,,,,,7,-3.8,8.3,8.4,9.2,10,11,14.3,16.6,18.7,17.8,1.3,1.8,,
101,2016-11-23,.2,-4.2,736,5.9,1353,,,,,,,5.6,200,1725,3.2,200,1731,1.1,933,-10.6,19,1533,46.6,2.8,1017,1029.5,857,1023.6,1549,1026.7,9.9,6.1,1200,1.64,8.22,,,,,,,,2.7,-10.2,5.5,5.7,7.5,8.8,10.5,14.1,16.4,18.6,17.7,1.2,1.7,,
101,2016-11-24,-2.7,-8.2,742,5.2,1353,,,,,,,7.2,230,1630,3.8,200,1639,1.1,992,-12.7,22,1353,50.4,2.3,1017.6,1029.4,812,1025.4,1449,1027.5,9.9,8.4,1200,1.76,10.32,,,,,,,,.2,-13.4,3,3.2,5.5,7.2,9.5,13.9,16.2,18.4,17.7,1.3,1.9,,
101,2016-11-25,-2.4,-7.9,716,6.4,1559,,,,,,,2.8,70,1307,1.4,110,1357,.5,425,-8.6,30,1442,65.6,3.2,1018.8,1031.1,2257,1026.1,1446,1028.7,9.9,7,1200,1.75,9.84,,,,,,,,.2,-12.9,1.9,2,4.1,5.8,8.9,13.7,16.1,18.4,17.7,1,1.5,,
101,2016-11-26,-1.5,-5.3,406,1.1,2327,,,,,,1.1,2.7,360,745,1.8,360,1118,.6,540,-3.2,67,1157,88.1,4.9,1015.7,1030.7,1,1023,2400,1025.5,9.8,0,1200,.57,2.32,,,,,,,,-.4,-11.2,1.4,1.5,3.4,5.1,8.1,13.4,16,18.3,17.7,.3,.5,1.1,
101,2016-11-27,2,.9,1,4,1522,,,,,,.6,2.6,360,2305,1.8,340,1839,.6,516,1.4,88,1011,96.6,6.8,1013,1024.4,2351,1020.7,1454,1022.6,9.8,0,1400,.49,2.43,,,,,,,,2,-3.9,3,3,3.8,4.9,7.5,13.1,15.9,18.3,17.7,.3,.4,.6,
101,2016-11-28,.7,-3.6,2359,6,1515,,,,,,,4,160,838,2.7,160,844,.9,764,-2,46,1515,84,5.3,1018.3,1031.5,2400,1024.3,1,1028,9.8,4.7,1300,1.42,6.38,,,,,,,,2.8,-9.4,3.8,3.8,4.7,5.6,7.4,12.7,15.7,18.2,17.7,.7,1,,
101,2016-11-29,-.8,-6.6,650,7.6,1528,,,,,,,3,230,1247,1.6,250,1355,.6,515,-5.5,30,1540,74.8,4.1,1024.4,1035.9,943,1031.5,1,1034.2,9.8,8.2,1100,1.89,10.33,,,,,,,,.9,-11.7,2,2.1,3.8,5.2,7.3,12.3,15.4,18.1,17.6,1,1.5,,
101,2016-11-30,2.5,-2.8,34,6.4,1615,,,,,,.3,4.4,140,2350,1.8,320,1507,.6,552,-.5,63,1613,80.9,6,1017.2,1034.8,1,1021.9,2355,1026.8,9.8,.9,1100,.68,3.74,,,,,,,,1.9,-7.9,2.4,2.4,3.5,4.7,7,12.1,15.3,18.1,17.7,.7,1.1,.4,
101,2016-12-01,4.8,-2.9,2342,8.2,1202,,,,,,.1,10.1,270,1547,6,250,1340,2.6,2251,-6.8,20,1227,45.5,3.9,1016.4,1031.9,2308,1021.2,355,1026,9.7,7.1,1200,1.81,9,,,,,,,,3.8,-9.8,4.3,4.2,4.8,5.4,7,11.9,15.2,18.1,17.8,1.9,2.8,,
101,2016-12-02,-.7,-7.1,728,8.3,1457,,,,,,,6.1,230,1546,3.5,230,1534,.9,795,-8.2,21,1441,62.4,3.3,1021.9,1034,836,1029.2,1447,1031.7,9.7,8,1200,1.75,10.48,,,,,,,,.6,-11.9,1.9,2.1,3.8,5,7,11.6,14.9,17.9,17.6,1.3,1.8,,
101,2016-12-03,.5,-5.8,747,9,1452,,,,,,,2.1,340,947,1.3,360,941,.5,431,-3.2,43,1318,79,4.9,1018,1031.6,849,1023.7,2356,1027.7,9.7,7,1200,1.66,9.13,,,,,,,,.5,-10.9,1.3,1.4,3,4.2,6.5,11.4,14.7,17.8,17.6,.9,1.3,,
101,2016-12-04,1.3,-1.9,622,6.2,1538,,,,,,,2.4,140,1454,1.5,140,1506,.5,475,-.7,58,1440,87.6,5.8,1010.1,1023.7,1,1017.4,1444,1019.7,9.7,0,1100,.67,3.93,,,,,,,,1.2,-7.1,2,2,2.9,4,6,11.3,14.5,17.8,17.6,.5,.6,.9,
101,2016-12-05,4.8,-.4,29,10.5,1453,,,,,,.9,8.8,290,1943,4.8,270,1943,1.6,1349,.4,43,2225,76.1,6.4,1008.2,1021.8,2351,1015.1,1421,1017.6,9.7,1.4,1400,.85,3.56,,,,,,,,3.8,-6.2,3.5,3.5,3.7,4.4,5.9,11.1,14.4,17.7,17.7,1.1,1.5,0,
101,2016-12-06,-.6,-5.7,2356,4.4,1425,,,,,,,6.4,270,13,3.7,270,17,1.7,1442,-11.3,23,1745,47.3,2.6,1016.1,1029.1,1011,1021.7,1,1025.8,9.7,8,1200,1.75,9.72,,,,,,,,1,-11.1,2.6,2.6,3.9,4.8,6.1,10.8,14.2,17.6,17.6,1.3,1.9,.1,
101,2016-12-07,-1.4,-6.4,132,4.3,1534,,,,,,.1,3.2,360,1441,1.9,360,1759,.7,586,-6,49,1324,72.8,4,1012.8,1026,2,1020,1440,1022.6,9.7,3.1,1300,1.2,5.07,,,,,,,,.3,-11.3,1.4,1.5,2.9,4.1,5.9,10.7,14,17.6,17.6,.6,.8,,
101,2016-12-08,.5,-4.7,142,4.8,1450,,,,,,2.2,4.6,200,1504,2.4,230,1507,.8,694,-1.9,58,1429,85.5,5.4,1009.5,1023.5,8,1014.4,2353,1019.1,9.6,1.9,1100,1.47,5.09,,,,,,,,.6,-10.7,1.5,1.5,2.6,3.6,5.5,10.5,13.8,17.5,17.6,.6,.8,6.2,
101,2016-12-09,1.3,-3.8,2338,5.6,1446,,,,,,4,6.8,250,1149,3.8,250,1212,1.3,1095,-3.2,38,1431,75.5,5,1010.2,1025.9,2322,1013.7,28,1019.9,9.6,6.5,1100,1.65,8.33,,,,,,,,1.9,-9.7,2.4,2.4,3.1,3.9,5.4,10.4,13.7,17.4,17.6,1,1.4,,
101,2016-12-10,-2.7,-7.2,815,4.5,1533,,,,,,,3.4,340,1238,2.1,340,904,.9,758,-7.1,36,1606,74.3,3.6,1017.5,1028.9,925,1025.3,1446,1027.4,9.6,8,1200,2.06,10.1,,,,,,,,-.1,-11.9,.9,1,2.6,3.7,5.3,10.1,13.5,17.3,17.5,1,1.4,,
101,2016-12-11,-3.6,-8.7,734,4,1521,,,,,,,3.2,320,1354,1.9,360,855,.7,625,-8.3,30,1623,73.4,3.3,1019.7,1032.1,1002,1027.9,2111,1029.6,9.6,8,1100,2.2,10.81,,,,,,,,-1.1,-13.7,.2,.3,1.8,3.1,4.9,9.9,13.3,17.2,17.5,1,1.4,,
101,2016-12-12,-2.3,-7.4,613,2.6,1527,,,,,,,4,360,1133,2.6,360,1111,.9,749,-5.7,53,1531,78.4,4,1016,1029.4,248,1022.8,2357,1025.8,9.6,2.3,1300,1.36,4.86,,,,,,,,-.9,-12.2,0,.1,1.5,2.7,4.6,9.8,13.1,17.1,17.5,.5,.8,,
101,2016-12-13,1.6,-3.5,449,9.1,1523,,,,,,,2.5,200,1333,1.5,180,1425,.6,553,-2.7,43,1452,74.8,5,1010.3,1023,509,1016.9,1500,1019.9,9.6,5.7,1200,1.56,7.78,,,,,,,,-.1,-8.5,.2,.3,1.4,2.6,4.4,9.6,13,17.1,17.5,.9,1.3,.2,
101,2016-12-14,1.3,-.5,59,2.7,1130,,,,,,1.4,5.6,250,2358,3.5,340,1451,1.1,943,-.2,80,2343,90,6,1010.3,1021.8,2300,1017.9,105,1019.9,9.6,0,1200,.45,2.62,,,,,,,,.1,-4.6,.3,.4,1.4,2.5,4.2,9.4,12.9,17,17.5,.5,.7,1.2,
101,2016-12-15,-3.4,-8.4,2353,.4,1,,,,,,,6.3,230,1423,3.7,230,1425,2,1731,-10.2,34,1554,60.5,2.9,1013.8,1026.6,2307,1021.4,432,1023.6,9.6,7.6,1200,1.72,9.45,,,,,,,,-.1,-13.5,.3,.4,1.4,2.4,4,9.2,12.7,16.9,17.5,1,1.4,,
101,2016-12-16,-5.7,-11.7,744,.3,1450,,,,,,,7.8,200,1625,4.1,230,1627,1.3,1120,-13.5,22,1434,59.8,2.2,1018.2,1030.6,958,1026.5,1,1028.1,9.6,7.9,1100,1.83,10.21,,,,,,,,-1.8,-16,-.1,0,1.2,2.3,3.8,8.9,12.4,16.7,17.3,1.2,1.7,,
101,2016-12-17,.1,-5.6,1,5.1,1416,,,,,,,3.4,230,558,2.1,230,600,.6,541,-4.8,53,1303,70.4,4.4,1019.8,1031.5,2241,1027.6,24,1029.6,9.6,2.5,1200,1.14,4.81,,,,,,,,-.5,-6.9,0,.1,1.1,2.2,3.8,8.9,12.4,16.7,17.4,.5,.8,,
101,2016-12-18,1.2,-2.1,653,5.5,1541,,,,,,,2.8,270,2217,1.8,290,2223,.5,430,-.3,68,1533,90.6,6,1020.5,1032.3,1020,1028.5,2333,1030.2,9.6,.1,1100,.57,3.06,,,,,,,,-.2,-7.2,.1,.1,1.1,2.1,3.7,8.7,12.2,16.7,17.4,.4,.5,.3,
101,2016-12-19,3.5,-.9,245,7.9,1514,,,,,,.3,3.6,360,1146,2.4,340,1153,.6,530,1.6,67,1453,89,6.9,1016.3,1029.2,204,1023.2,1431,1025.9,9.5,1,1300,.86,4.27,,,,,,,,.5,-7.2,.2,.3,1.2,2.1,3.7,8.6,12.1,16.6,17.5,.5,.7,,
101,2016-12-20,1.9,-.6,2230,6.7,1543,,,,,,,3.4,320,922,2.2,340,926,.8,681,1.5,81,1542,97.5,6.8,1018.9,1031.2,2239,1024.9,12,1028.5,9.5,2.1,1400,1.03,4.13,,,,,,,,1.1,-6.4,.8,.9,1.4,2.2,3.6,8.4,12,16.5,17.4,.5,.6,,
101,2016-12-21,4,.4,1,7.2,2339,,,,,,24,7,340,2305,4.1,340,2312,1.3,1150,3.3,78,1345,95.9,7.8,1014.6,1030.7,314,1011.4,2400,1024.2,9.5,1.7,1200,1.14,4.33,,,,,,,,2.6,-.5,2.2,2.1,2.1,2.5,3.8,8.3,11.8,16.4,17.4,.5,.7,55.3,
101,2016-12-22,5.7,3.6,2353,8,634,,,,,,43.9,7.9,180,2050,4.2,340,27,2,1713,4.9,81,2052,95,8.8,999.7,1012.8,2332,1005.2,624,1009.1,9.5,0,1300,.12,.67,,,,,,,,5.3,2.4,4.9,4.8,4.3,4.2,4.5,8.3,11.8,16.4,17.5,.5,.7,12.6,
101,2016-12-23,-.3,-1.9,2152,3.6,1,,,,,,,8.8,200,631,4.5,230,426,2.8,2449,-5.4,61,1148,68.5,4.1,1010.2,1026.9,2343,1012.8,1,1019.9,9.5,.9,1100,1.09,3.76,,,,,,,,1.9,-2.3,3.3,3.3,4,4.5,5,8.2,11.6,16.2,17.4,.6,.9,,
101,2016-12-24,-.8,-2.2,339,.6,1426,,,,,,,3.3,340,129,1.8,340,131,.8,660,-5.2,62,1051,72.6,4.2,1021,1033.2,2328,1027,1,1030.7,9.6,0,1100,.5,2.61,,,,,,,,1.1,-6.5,2.2,2.2,3,3.8,4.8,8.1,11.5,16.2,17.3,.4,.6,,
101,2016-12-25,1.1,-1.9,454,5.2,1538,,,,,,,4,360,840,2.7,360,842,.8,673,-1.6,60,1514,82.4,5.4,1021.4,1034.4,1025,1028.3,2310,1031.1,9.5,4,1200,1.48,6.5,,,,,,,,1.9,-3.2,2.3,2.3,2.9,3.6,4.5,8,11.4,16.1,17.3,.6,.9,,
101,2016-12-26,1.5,-.8,338,3.6,1534,,,,,,,3.1,360,1331,2.1,360,1337,.5,446,.6,81,1519,94.1,6.4,1012.5,1028.5,10,1017.6,1820,1022.1,9.6,0,1300,.52,1.86,,,,,,,,1.9,-5.7,2.4,2.4,3,3.7,4.6,8.2,11.2,16,17.3,.3,.4,2,
101,2016-12-27,-.3,-5,2355,2.8,1402,,,,,,2.2,8.2,340,1702,4.8,320,1707,1.5,1292,-5,37,1537,73.6,4.5,1012.3,1028.6,2358,1017.3,50,1022,9.6,3.1,1300,1.41,4.44,,,,,,,,1.8,-9.7,2.4,2.4,3.1,3.7,4.5,7.9,11.1,15.9,17.3,.7,1,.2,
101,2016-12-28,-3.2,-8.5,757,2.9,1513,,,,,,,7,230,1753,3.9,230,1759,1.2,1075,-9.9,38,1544,63.4,2.9,1020.1,1033,1029,1027.9,1656,1030,9.6,7.9,1200,1.89,9.91,,,,,,,,-.6,-12.3,.7,.8,2.1,3.2,4.3,7.8,10.9,15.7,17.2,1.2,1.7,,
101,2016-12-29,-3.1,-7.3,2357,.5,1523,,,,,,,7.1,200,1552,4.6,340,1057,1.9,1618,-12.9,28,1500,49.6,2.3,1019.9,1034.2,2358,1026.7,610,1029.7,9.6,8,1200,1.69,9.66,,,,,,,,-.9,-13.2,.3,.4,1.6,2.6,4,7.7,10.8,15.7,17.2,1.2,1.7,,
101,2016-12-30,-4.7,-11,717,1.7,1536,,,,,,,4.3,180,1626,2.3,200,1655,.8,734,-10.1,38,1511,68.4,2.9,1023.3,1036.3,923,1031.2,1511,1033.3,9.6,7.6,1100,1.9,9.71,,,,,,,,-1.7,-16.1,-.1,-.1,1.1,2.2,3.6,7.6,10.6,15.6,17.1,.8,1.2,,
101,2016-12-31,-.7,-4.1,212,5.9,1455,,,,,,,4.8,230,1543,3,200,1542,.8,658,-3.9,51,1434,80.5,4.6,1020.7,1032.2,1021,1028.5,1411,1030.5,9.6,6.3,1200,1.31,7.1,,,,,,,,-.6,-8.7,-.1,0,1,1.9,3.4,7.5,10.6,15.5,17.1,.7,1.1,,
